[1/339] Building CXX object ggml\src\CMakeFiles\ggml-cpu.dir\ggml-cpu\hbm.cpp.obj
[2/339] Building CXX object ggml\src\CMakeFiles\ggml-cpu.dir\ggml-cpu\amx\amx.cpp.obj
[3/339] Building CXX object ggml\src\CMakeFiles\ggml-cpu.dir\ggml-cpu\amx\mmq.cpp.obj
[4/339] Building C object ggml\src\CMakeFiles\ggml-base.dir\ggml-alloc.c.obj
[5/339] Building CXX object ggml\src\CMakeFiles\ggml-base.dir\ggml.cpp.obj
[6/339] Building C object ggml\src\CMakeFiles\ggml-cpu.dir\ggml-cpu\ggml-cpu.c.obj
[7/339] Building C object ggml\src\CMakeFiles\ggml-base.dir\ggml.c.obj
[8/339] Building CXX object ggml\src\CMakeFiles\ggml-base.dir\ggml-threading.cpp.obj
[9/339] Building CXX object ggml\src\CMakeFiles\ggml-cpu.dir\ggml-cpu\traits.cpp.obj
[10/339] Building C object ggml\src\CMakeFiles\ggml-cpu.dir\ggml-cpu\quants.c.obj
[11/339] Building CXX object ggml\src\CMakeFiles\ggml-cpu.dir\ggml-cpu\ggml-cpu.cpp.obj
[12/339] Building CXX object ggml\src\CMakeFiles\ggml-cpu.dir\ggml-cpu\binary-ops.cpp.obj
[13/339] Building C object ggml\src\CMakeFiles\ggml-cpu.dir\ggml-cpu\arch\x86\quants.c.obj
[14/339] Building CXX object ggml\src\CMakeFiles\ggml-base.dir\ggml-backend.cpp.obj
[15/339] Building C object ggml\src\CMakeFiles\ggml-base.dir\ggml-quants.c.obj
[16/339] Building CXX object ggml\src\CMakeFiles\ggml-cpu.dir\ggml-cpu\vec.cpp.obj
[17/339] Building CXX object ggml\src\CMakeFiles\ggml-cpu.dir\ggml-cpu\unary-ops.cpp.obj
[18/339] Building CXX object ggml\src\CMakeFiles\ggml-base.dir\ggml-opt.cpp.obj
[19/339] Building CXX object ggml\src\CMakeFiles\ggml-cpu.dir\ggml-cpu\repack.cpp.obj
[20/339] Building CXX object ggml\src\CMakeFiles\ggml-base.dir\gguf.cpp.obj
[21/339] Building CXX object ggml\src\CMakeFiles\ggml-base.dir\ggml-backend-meta.cpp.obj
[22/339] Building CXX object ggml\src\CMakeFiles\ggml-cpu.dir\ggml-cpu\llamafile\sgemm.cpp.obj
[23/339] Building CXX object ggml\src\CMakeFiles\ggml-cpu.dir\ggml-cpu\ops.cpp.obj
[24/339] Linking CXX shared library bin\ggml-base.dll
[25/339] Building CXX object ggml\src\CMakeFiles\ggml-cpu.dir\ggml-cpu\arch\x86\repack.cpp.obj
[26/339] Building CUDA object ggml\src\ggml-cuda\CMakeFiles\ggml-cuda.dir\arange.cu.obj
<path>/common.cuh(611): warning #221-D: floating-point value does not fit in required floating-point type
              return -((float)(1e+300)) ;
                       ^

Remark: The warnings can be suppressed with "-diag-suppress <warning-number>"

<path>/common.cuh(613): warning #221-D: floating-point value does not fit in required floating-point type
              return make_half2(-((float)(1e+300)) , -((float)(1e+300)) );
                                  ^

<path>/common.cuh(613): warning #221-D: floating-point value does not fit in required floating-point type
              return make_half2(-((float)(1e+300)) , -((float)(1e+300)) );
                                                       ^

arange.cu
tmpxft_0001ad58_00000000-7_arange.cudafe1.cpp
[27/339] Building CUDA object ggml\src\ggml-cuda\CMakeFiles\ggml-cuda.dir\conv2d-transpose.cu.obj
<path>/common.cuh(611): warning #221-D: floating-point value does not fit in required floating-point type
              return -((float)(1e+300)) ;
                       ^

Remark: The warnings can be suppressed with "-diag-suppress <warning-number>"

<path>/common.cuh(613): warning #221-D: floating-point value does not fit in required floating-point type
              return make_half2(-((float)(1e+300)) , -((float)(1e+300)) );
                                  ^

<path>/common.cuh(613): warning #221-D: floating-point value does not fit in required floating-point type
              return make_half2(-((float)(1e+300)) , -((float)(1e+300)) );
                                                       ^

conv2d-transpose.cu
tmpxft_00018d30_00000000-7_conv2d-transpose.cudafe1.cpp
[28/339] Building CUDA object ggml\src\ggml-cuda\CMakeFiles\ggml-cuda.dir\add-id.cu.obj
<path>/common.cuh(611): warning #221-D: floating-point value does not fit in required floating-point type
              return -((float)(1e+300)) ;
                       ^

Remark: The warnings can be suppressed with "-diag-suppress <warning-number>"

<path>/common.cuh(613): warning #221-D: floating-point value does not fit in required floating-point type
              return make_half2(-((float)(1e+300)) , -((float)(1e+300)) );
                                  ^

<path>/common.cuh(613): warning #221-D: floating-point value does not fit in required floating-point type
              return make_half2(-((float)(1e+300)) , -((float)(1e+300)) );
                                                       ^

add-id.cu
tmpxft_00013fc8_00000000-7_add-id.cudafe1.cpp
[29/339] Building CUDA object ggml\src\ggml-cuda\CMakeFiles\ggml-cuda.dir\acc.cu.obj
<path>/common.cuh(611): warning #221-D: floating-point value does not fit in required floating-point type
              return -((float)(1e+300)) ;
                       ^

Remark: The warnings can be suppressed with "-diag-suppress <warning-number>"

<path>/common.cuh(613): warning #221-D: floating-point value does not fit in required floating-point type
              return make_half2(-((float)(1e+300)) , -((float)(1e+300)) );
                                  ^

<path>/common.cuh(613): warning #221-D: floating-point value does not fit in required floating-point type
              return make_half2(-((float)(1e+300)) , -((float)(1e+300)) );
                                                       ^

acc.cu
tmpxft_000109b8_00000000-7_acc.cudafe1.cpp
[30/339] Building CUDA object ggml\src\ggml-cuda\CMakeFiles\ggml-cuda.dir\conv-transpose-1d.cu.obj
<path>/common.cuh(611): warning #221-D: floating-point value does not fit in required floating-point type
              return -((float)(1e+300)) ;
                       ^

Remark: The warnings can be suppressed with "-diag-suppress <warning-number>"

<path>/common.cuh(613): warning #221-D: floating-point value does not fit in required floating-point type
              return make_half2(-((float)(1e+300)) , -((float)(1e+300)) );
                                  ^

<path>/common.cuh(613): warning #221-D: floating-point value does not fit in required floating-point type
              return make_half2(-((float)(1e+300)) , -((float)(1e+300)) );
                                                       ^

conv-transpose-1d.cu
tmpxft_00006394_00000000-7_conv-transpose-1d.cudafe1.cpp
[31/339] Building CUDA object ggml\src\ggml-cuda\CMakeFiles\ggml-cuda.dir\clamp.cu.obj
<path>/common.cuh(611): warning #221-D: floating-point value does not fit in required floating-point type
              return -((float)(1e+300)) ;
                       ^

Remark: The warnings can be suppressed with "-diag-suppress <warning-number>"

<path>/common.cuh(613): warning #221-D: floating-point value does not fit in required floating-point type
              return make_half2(-((float)(1e+300)) , -((float)(1e+300)) );
                                  ^

<path>/common.cuh(613): warning #221-D: floating-point value does not fit in required floating-point type
              return make_half2(-((float)(1e+300)) , -((float)(1e+300)) );
                                                       ^

clamp.cu
tmpxft_0000c85c_00000000-7_clamp.cudafe1.cpp
[32/339] Building CUDA object ggml\src\ggml-cuda\CMakeFiles\ggml-cuda.dir\conv2d.cu.obj
<path>/common.cuh(611): warning #221-D: floating-point value does not fit in required floating-point type
              return -((float)(1e+300)) ;
                       ^

Remark: The warnings can be suppressed with "-diag-suppress <warning-number>"

<path>/common.cuh(613): warning #221-D: floating-point value does not fit in required floating-point type
              return make_half2(-((float)(1e+300)) , -((float)(1e+300)) );
                                  ^

<path>/common.cuh(613): warning #221-D: floating-point value does not fit in required floating-point type
              return make_half2(-((float)(1e+300)) , -((float)(1e+300)) );
                                                       ^

conv2d.cu
tmpxft_00008230_00000000-7_conv2d.cudafe1.cpp
[33/339] Building CUDA object ggml\src\ggml-cuda\CMakeFiles\ggml-cuda.dir\argmax.cu.obj
<path>/common.cuh(611): warning #221-D: floating-point value does not fit in required floating-point type
              return -((float)(1e+300)) ;
                       ^

Remark: The warnings can be suppressed with "-diag-suppress <warning-number>"

<path>/common.cuh(613): warning #221-D: floating-point value does not fit in required floating-point type
              return make_half2(-((float)(1e+300)) , -((float)(1e+300)) );
                                  ^

<path>/common.cuh(613): warning #221-D: floating-point value does not fit in required floating-point type
              return make_half2(-((float)(1e+300)) , -((float)(1e+300)) );
                                                       ^

argmax.cu
tmpxft_00003c54_00000000-7_argmax.cudafe1.cpp
[34/339] Building CUDA object ggml\src\ggml-cuda\CMakeFiles\ggml-cuda.dir\allreduce.cu.obj
<path>/common.cuh(611): warning #221-D: floating-point value does not fit in required floating-point type
              return -((float)(1e+300)) ;
                       ^

Remark: The warnings can be suppressed with "-diag-suppress <warning-number>"

<path>/common.cuh(613): warning #221-D: floating-point value does not fit in required floating-point type
              return make_half2(-((float)(1e+300)) , -((float)(1e+300)) );
                                  ^

<path>/common.cuh(613): warning #221-D: floating-point value does not fit in required floating-point type
              return make_half2(-((float)(1e+300)) , -((float)(1e+300)) );
                                                       ^

allreduce.cu
tmpxft_0000aff8_00000000-7_allreduce.cudafe1.cpp
[35/339] Building CUDA object ggml\src\ggml-cuda\CMakeFiles\ggml-cuda.dir\conv2d-dw.cu.obj
<path>/common.cuh(611): warning #221-D: floating-point value does not fit in required floating-point type
              return -((float)(1e+300)) ;
                       ^

Remark: The warnings can be suppressed with "-diag-suppress <warning-number>"

<path>/common.cuh(613): warning #221-D: floating-point value does not fit in required floating-point type
              return make_half2(-((float)(1e+300)) , -((float)(1e+300)) );
                                  ^

<path>/common.cuh(613): warning #221-D: floating-point value does not fit in required floating-point type
              return make_half2(-((float)(1e+300)) , -((float)(1e+300)) );
                                                       ^

conv2d-dw.cu
tmpxft_00016230_00000000-7_conv2d-dw.cudafe1.cpp
[36/339] Building CUDA object ggml\src\ggml-cuda\CMakeFiles\ggml-cuda.dir\concat.cu.obj
<path>/common.cuh(611): warning #221-D: floating-point value does not fit in required floating-point type
              return -((float)(1e+300)) ;
                       ^

Remark: The warnings can be suppressed with "-diag-suppress <warning-number>"

<path>/common.cuh(613): warning #221-D: floating-point value does not fit in required floating-point type
              return make_half2(-((float)(1e+300)) , -((float)(1e+300)) );
                                  ^

<path>/common.cuh(613): warning #221-D: floating-point value does not fit in required floating-point type
              return make_half2(-((float)(1e+300)) , -((float)(1e+300)) );
                                                       ^

concat.cu
tmpxft_00013988_00000000-7_concat.cudafe1.cpp
[37/339] Building CUDA object ggml\src\ggml-cuda\CMakeFiles\ggml-cuda.dir\count-equal.cu.obj
<path>/common.cuh(611): warning #221-D: floating-point value does not fit in required floating-point type
              return -((float)(1e+300)) ;
                       ^

Remark: The warnings can be suppressed with "-diag-suppress <warning-number>"

<path>/common.cuh(613): warning #221-D: floating-point value does not fit in required floating-point type
              return make_half2(-((float)(1e+300)) , -((float)(1e+300)) );
                                  ^

<path>/common.cuh(613): warning #221-D: floating-point value does not fit in required floating-point type
              return make_half2(-((float)(1e+300)) , -((float)(1e+300)) );
                                                       ^

count-equal.cu
tmpxft_0000a8d0_00000000-7_count-equal.cudafe1.cpp
[38/339] Building CUDA object ggml\src\ggml-cuda\CMakeFiles\ggml-cuda.dir\cross-entropy-loss.cu.obj
<path>/common.cuh(611): warning #221-D: floating-point value does not fit in required floating-point type
              return -((float)(1e+300)) ;
                       ^

Remark: The warnings can be suppressed with "-diag-suppress <warning-number>"

<path>/common.cuh(613): warning #221-D: floating-point value does not fit in required floating-point type
              return make_half2(-((float)(1e+300)) , -((float)(1e+300)) );
                                  ^

<path>/common.cuh(613): warning #221-D: floating-point value does not fit in required floating-point type
              return make_half2(-((float)(1e+300)) , -((float)(1e+300)) );
                                                       ^

<path>/cross-entropy-loss.cu(17): warning #221-D: floating-point value does not fit in required floating-point type
      float max_logit = -((float)(1e+300)) ;
                          ^

<path>/cross-entropy-loss.cu(62): warning #221-D: floating-point value does not fit in required floating-point type
      float maxval = -((float)(1e+300)) ;
                       ^

<path>/cross-entropy-loss.cu(17): warning #221-D: floating-point value does not fit in required floating-point type
      float max_logit = -((float)(1e+300)) ;
                          ^
          detected during instantiation of "void cross_entropy_loss_f32<use_shared>(const float *, const float *, float *, int, int) [with use_shared=true]" at line 126

Remark: The warnings can be suppressed with "-diag-suppress <warning-number>"

<path>/cross-entropy-loss.cu(17): warning #221-D: floating-point value does not fit in required floating-point type
      float max_logit = -((float)(1e+300)) ;
                          ^
          detected during instantiation of "void cross_entropy_loss_f32<use_shared>(const float *, const float *, float *, int, int) [with use_shared=false]" at line 129

<path>/cross-entropy-loss.cu(62): warning #221-D: floating-point value does not fit in required floating-point type
      float maxval = -((float)(1e+300)) ;
                       ^
          detected during instantiation of "void cross_entropy_loss_back_f32<use_shared>(const float *, const float *, const float *, float *, int) [with use_shared=true]" at line 172

<path>/cross-entropy-loss.cu(62): warning #221-D: floating-point value does not fit in required floating-point type
      float maxval = -((float)(1e+300)) ;
                       ^
          detected during instantiation of "void cross_entropy_loss_back_f32<use_shared>(const float *, const float *, const float *, float *, int) [with use_shared=false]" at line 175

cross-entropy-loss.cu
tmpxft_0001913c_00000000-7_cross-entropy-loss.cudafe1.cpp
[39/339] Building CUDA object ggml\src\ggml-cuda\CMakeFiles\ggml-cuda.dir\convert.cu.obj
<path>/common.cuh(611): warning #221-D: floating-point value does not fit in required floating-point type
              return -((float)(1e+300)) ;
                       ^

Remark: The warnings can be suppressed with "-diag-suppress <warning-number>"

<path>/common.cuh(613): warning #221-D: floating-point value does not fit in required floating-point type
              return make_half2(-((float)(1e+300)) , -((float)(1e+300)) );
                                  ^

<path>/common.cuh(613): warning #221-D: floating-point value does not fit in required floating-point type
              return make_half2(-((float)(1e+300)) , -((float)(1e+300)) );
                                                       ^

convert.cu
tmpxft_0000b0f8_00000000-7_convert.cudafe1.cpp
[40/339] Building CUDA object ggml\src\ggml-cuda\CMakeFiles\ggml-cuda.dir\cpy.cu.obj
<path>/common.cuh(611): warning #221-D: floating-point value does not fit in required floating-point type
              return -((float)(1e+300)) ;
                       ^

Remark: The warnings can be suppressed with "-diag-suppress <warning-number>"

<path>/common.cuh(613): warning #221-D: floating-point value does not fit in required floating-point type
              return make_half2(-((float)(1e+300)) , -((float)(1e+300)) );
                                  ^

<path>/common.cuh(613): warning #221-D: floating-point value does not fit in required floating-point type
              return make_half2(-((float)(1e+300)) , -((float)(1e+300)) );
                                                       ^

cpy.cu
tmpxft_00007dd0_00000000-7_cpy.cudafe1.cpp
[41/339] Building CUDA object ggml\src\ggml-cuda\CMakeFiles\ggml-cuda.dir\binbcast.cu.obj
<path>/common.cuh(611): warning #221-D: floating-point value does not fit in required floating-point type
              return -((float)(1e+300)) ;
                       ^

Remark: The warnings can be suppressed with "-diag-suppress <warning-number>"

<path>/common.cuh(613): warning #221-D: floating-point value does not fit in required floating-point type
              return make_half2(-((float)(1e+300)) , -((float)(1e+300)) );
                                  ^

<path>/common.cuh(613): warning #221-D: floating-point value does not fit in required floating-point type
              return make_half2(-((float)(1e+300)) , -((float)(1e+300)) );
                                                       ^

binbcast.cu
tmpxft_0001acd0_00000000-7_binbcast.cudafe1.cpp
[42/339] Building CUDA object ggml\src\ggml-cuda\CMakeFiles\ggml-cuda.dir\diagmask.cu.obj
<path>/common.cuh(611): warning #221-D: floating-point value does not fit in required floating-point type
              return -((float)(1e+300)) ;
                       ^

Remark: The warnings can be suppressed with "-diag-suppress <warning-number>"

<path>/common.cuh(613): warning #221-D: floating-point value does not fit in required floating-point type
              return make_half2(-((float)(1e+300)) , -((float)(1e+300)) );
                                  ^

<path>/common.cuh(613): warning #221-D: floating-point value does not fit in required floating-point type
              return make_half2(-((float)(1e+300)) , -((float)(1e+300)) );
                                                       ^

diagmask.cu
tmpxft_0001b96c_00000000-7_diagmask.cudafe1.cpp
[43/339] Building CUDA object ggml\src\ggml-cuda\CMakeFiles\ggml-cuda.dir\diag.cu.obj
<path>/common.cuh(611): warning #221-D: floating-point value does not fit in required floating-point type
              return -((float)(1e+300)) ;
                       ^

Remark: The warnings can be suppressed with "-diag-suppress <warning-number>"

<path>/common.cuh(613): warning #221-D: floating-point value does not fit in required floating-point type
              return make_half2(-((float)(1e+300)) , -((float)(1e+300)) );
                                  ^

<path>/common.cuh(613): warning #221-D: floating-point value does not fit in required floating-point type
              return make_half2(-((float)(1e+300)) , -((float)(1e+300)) );
                                                       ^

diag.cu
tmpxft_0000bcb8_00000000-7_diag.cudafe1.cpp
[44/339] Building CUDA object ggml\src\ggml-cuda\CMakeFiles\ggml-cuda.dir\fill.cu.obj
<path>/common.cuh(611): warning #221-D: floating-point value does not fit in required floating-point type
              return -((float)(1e+300)) ;
                       ^

Remark: The warnings can be suppressed with "-diag-suppress <warning-number>"

<path>/common.cuh(613): warning #221-D: floating-point value does not fit in required floating-point type
              return make_half2(-((float)(1e+300)) , -((float)(1e+300)) );
                                  ^

<path>/common.cuh(613): warning #221-D: floating-point value does not fit in required floating-point type
              return make_half2(-((float)(1e+300)) , -((float)(1e+300)) );
                                                       ^

fill.cu
tmpxft_0000c9f4_00000000-7_fill.cudafe1.cpp
[45/339] Building CUDA object ggml\src\ggml-cuda\CMakeFiles\ggml-cuda.dir\fwht.cu.obj
<path>/common.cuh(611): warning #221-D: floating-point value does not fit in required floating-point type
              return -((float)(1e+300)) ;
                       ^

Remark: The warnings can be suppressed with "-diag-suppress <warning-number>"

<path>/common.cuh(613): warning #221-D: floating-point value does not fit in required floating-point type
              return make_half2(-((float)(1e+300)) , -((float)(1e+300)) );
                                  ^

<path>/common.cuh(613): warning #221-D: floating-point value does not fit in required floating-point type
              return make_half2(-((float)(1e+300)) , -((float)(1e+300)) );
                                                       ^

fwht.cu
tmpxft_0000bc6c_00000000-7_fwht.cudafe1.cpp
[46/339] Building CUDA object ggml\src\ggml-cuda\CMakeFiles\ggml-cuda.dir\fattn-tile.cu.obj
<path>/common.cuh(611): warning #221-D: floating-point value does not fit in required floating-point type
              return -((float)(1e+300)) ;
                       ^

Remark: The warnings can be suppressed with "-diag-suppress <warning-number>"

<path>/common.cuh(613): warning #221-D: floating-point value does not fit in required floating-point type
              return make_half2(-((float)(1e+300)) , -((float)(1e+300)) );
                                  ^

<path>/common.cuh(613): warning #221-D: floating-point value does not fit in required floating-point type
              return make_half2(-((float)(1e+300)) , -((float)(1e+300)) );
                                                       ^

fattn-tile.cu
tmpxft_00004e0c_00000000-7_fattn-tile.cudafe1.cpp
[47/339] Building CUDA object ggml\src\ggml-cuda\CMakeFiles\ggml-cuda.dir\gla.cu.obj
<path>/common.cuh(611): warning #221-D: floating-point value does not fit in required floating-point type
              return -((float)(1e+300)) ;
                       ^

Remark: The warnings can be suppressed with "-diag-suppress <warning-number>"

<path>/common.cuh(613): warning #221-D: floating-point value does not fit in required floating-point type
              return make_half2(-((float)(1e+300)) , -((float)(1e+300)) );
                                  ^

<path>/common.cuh(613): warning #221-D: floating-point value does not fit in required floating-point type
              return make_half2(-((float)(1e+300)) , -((float)(1e+300)) );
                                                       ^

gla.cu
tmpxft_00003778_00000000-7_gla.cudafe1.cpp
[48/339] Building CUDA object ggml\src\ggml-cuda\CMakeFiles\ggml-cuda.dir\gated_delta_net.cu.obj
<path>/common.cuh(611): warning #221-D: floating-point value does not fit in required floating-point type
              return -((float)(1e+300)) ;
                       ^

Remark: The warnings can be suppressed with "-diag-suppress <warning-number>"

<path>/common.cuh(613): warning #221-D: floating-point value does not fit in required floating-point type
              return make_half2(-((float)(1e+300)) , -((float)(1e+300)) );
                                  ^

<path>/common.cuh(613): warning #221-D: floating-point value does not fit in required floating-point type
              return make_half2(-((float)(1e+300)) , -((float)(1e+300)) );
                                                       ^

gated_delta_net.cu
tmpxft_0001b7f8_00000000-7_gated_delta_net.cudafe1.cpp
[49/339] Building CUDA object ggml\src\ggml-cuda\CMakeFiles\ggml-cuda.dir\im2col.cu.obj
<path>/common.cuh(611): warning #221-D: floating-point value does not fit in required floating-point type
              return -((float)(1e+300)) ;
                       ^

Remark: The warnings can be suppressed with "-diag-suppress <warning-number>"

<path>/common.cuh(613): warning #221-D: floating-point value does not fit in required floating-point type
              return make_half2(-((float)(1e+300)) , -((float)(1e+300)) );
                                  ^

<path>/common.cuh(613): warning #221-D: floating-point value does not fit in required floating-point type
              return make_half2(-((float)(1e+300)) , -((float)(1e+300)) );
                                                       ^

im2col.cu
tmpxft_0000e860_00000000-7_im2col.cudafe1.cpp
[50/339] Building CUDA object ggml\src\ggml-cuda\CMakeFiles\ggml-cuda.dir\ggml-cuda.cu.obj
<path>/common.cuh(611): warning #221-D: floating-point value does not fit in required floating-point type
              return -((float)(1e+300)) ;
                       ^

Remark: The warnings can be suppressed with "-diag-suppress <warning-number>"

<path>/common.cuh(613): warning #221-D: floating-point value does not fit in required floating-point type
              return make_half2(-((float)(1e+300)) , -((float)(1e+300)) );
                                  ^

<path>/common.cuh(613): warning #221-D: floating-point value does not fit in required floating-point type
              return make_half2(-((float)(1e+300)) , -((float)(1e+300)) );
                                                       ^

ggml-cuda.cu
tmpxft_0001ae0c_00000000-7_ggml-cuda.cudafe1.cpp
[51/339] Building CUDA object ggml\src\ggml-cuda\CMakeFiles\ggml-cuda.dir\fattn-wmma-f16.cu.obj
<path>/common.cuh(611): warning #221-D: floating-point value does not fit in required floating-point type
              return -((float)(1e+300)) ;
                       ^

Remark: The warnings can be suppressed with "-diag-suppress <warning-number>"

<path>/common.cuh(613): warning #221-D: floating-point value does not fit in required floating-point type
              return make_half2(-((float)(1e+300)) , -((float)(1e+300)) );
                                  ^

<path>/common.cuh(613): warning #221-D: floating-point value does not fit in required floating-point type
              return make_half2(-((float)(1e+300)) , -((float)(1e+300)) );
                                                       ^

fattn-wmma-f16.cu
tmpxft_00019fa4_00000000-7_fattn-wmma-f16.cudafe1.cpp
[52/339] Building CUDA object ggml\src\ggml-cuda\CMakeFiles\ggml-cuda.dir\getrows.cu.obj
<path>/common.cuh(611): warning #221-D: floating-point value does not fit in required floating-point type
              return -((float)(1e+300)) ;
                       ^

Remark: The warnings can be suppressed with "-diag-suppress <warning-number>"

<path>/common.cuh(613): warning #221-D: floating-point value does not fit in required floating-point type
              return make_half2(-((float)(1e+300)) , -((float)(1e+300)) );
                                  ^

<path>/common.cuh(613): warning #221-D: floating-point value does not fit in required floating-point type
              return make_half2(-((float)(1e+300)) , -((float)(1e+300)) );
                                                       ^

getrows.cu
tmpxft_00012e18_00000000-7_getrows.cudafe1.cpp
[53/339] Building CUDA object ggml\src\ggml-cuda\CMakeFiles\ggml-cuda.dir\mmid.cu.obj
<path>/common.cuh(611): warning #221-D: floating-point value does not fit in required floating-point type
              return -((float)(1e+300)) ;
                       ^

Remark: The warnings can be suppressed with "-diag-suppress <warning-number>"

<path>/common.cuh(613): warning #221-D: floating-point value does not fit in required floating-point type
              return make_half2(-((float)(1e+300)) , -((float)(1e+300)) );
                                  ^

<path>/common.cuh(613): warning #221-D: floating-point value does not fit in required floating-point type
              return make_half2(-((float)(1e+300)) , -((float)(1e+300)) );
                                                       ^

mmid.cu
tmpxft_0001b39c_00000000-7_mmid.cudafe1.cpp
[54/339] Building CUDA object ggml\src\ggml-cuda\CMakeFiles\ggml-cuda.dir\mmf.cu.obj
<path>/common.cuh(611): warning #221-D: floating-point value does not fit in required floating-point type
              return -((float)(1e+300)) ;
                       ^

Remark: The warnings can be suppressed with "-diag-suppress <warning-number>"

<path>/common.cuh(613): warning #221-D: floating-point value does not fit in required floating-point type
              return make_half2(-((float)(1e+300)) , -((float)(1e+300)) );
                                  ^

<path>/common.cuh(613): warning #221-D: floating-point value does not fit in required floating-point type
              return make_half2(-((float)(1e+300)) , -((float)(1e+300)) );
                                                       ^

mmf.cu
tmpxft_00008828_00000000-7_mmf.cudafe1.cpp
[55/339] Building CUDA object ggml\src\ggml-cuda\CMakeFiles\ggml-cuda.dir\mmq-hopper-q1.cu.obj
<path>/common.cuh(611): warning #221-D: floating-point value does not fit in required floating-point type
              return -((float)(1e+300)) ;
                       ^

Remark: The warnings can be suppressed with "-diag-suppress <warning-number>"

<path>/common.cuh(613): warning #221-D: floating-point value does not fit in required floating-point type
              return make_half2(-((float)(1e+300)) , -((float)(1e+300)) );
                                  ^

<path>/common.cuh(613): warning #221-D: floating-point value does not fit in required floating-point type
              return make_half2(-((float)(1e+300)) , -((float)(1e+300)) );
                                                       ^

mmq-hopper-q1.cu
tmpxft_00009928_00000000-7_mmq-hopper-q1.cudafe1.cpp
[56/339] Building CUDA object ggml\src\ggml-cuda\CMakeFiles\ggml-cuda.dir\opt-step-adamw.cu.obj
<path>/common.cuh(611): warning #221-D: floating-point value does not fit in required floating-point type
              return -((float)(1e+300)) ;
                       ^

Remark: The warnings can be suppressed with "-diag-suppress <warning-number>"

<path>/common.cuh(613): warning #221-D: floating-point value does not fit in required floating-point type
              return make_half2(-((float)(1e+300)) , -((float)(1e+300)) );
                                  ^

<path>/common.cuh(613): warning #221-D: floating-point value does not fit in required floating-point type
              return make_half2(-((float)(1e+300)) , -((float)(1e+300)) );
                                                       ^

opt-step-adamw.cu
tmpxft_000113c8_00000000-7_opt-step-adamw.cudafe1.cpp
[57/339] Building CUDA object ggml\src\ggml-cuda\CMakeFiles\ggml-cuda.dir\norm.cu.obj
<path>/common.cuh(611): warning #221-D: floating-point value does not fit in required floating-point type
              return -((float)(1e+300)) ;
                       ^

Remark: The warnings can be suppressed with "-diag-suppress <warning-number>"

<path>/common.cuh(613): warning #221-D: floating-point value does not fit in required floating-point type
              return make_half2(-((float)(1e+300)) , -((float)(1e+300)) );
                                  ^

<path>/common.cuh(613): warning #221-D: floating-point value does not fit in required floating-point type
              return make_half2(-((float)(1e+300)) , -((float)(1e+300)) );
                                                       ^

norm.cu
tmpxft_0000b7c8_00000000-7_norm.cudafe1.cpp
[58/339] Building CUDA object ggml\src\ggml-cuda\CMakeFiles\ggml-cuda.dir\out-prod.cu.obj
<path>/common.cuh(611): warning #221-D: floating-point value does not fit in required floating-point type
              return -((float)(1e+300)) ;
                       ^

Remark: The warnings can be suppressed with "-diag-suppress <warning-number>"

<path>/common.cuh(613): warning #221-D: floating-point value does not fit in required floating-point type
              return make_half2(-((float)(1e+300)) , -((float)(1e+300)) );
                                  ^

<path>/common.cuh(613): warning #221-D: floating-point value does not fit in required floating-point type
              return make_half2(-((float)(1e+300)) , -((float)(1e+300)) );
                                                       ^

out-prod.cu
tmpxft_0000af0c_00000000-7_out-prod.cudafe1.cpp
[59/339] Building CUDA object ggml\src\ggml-cuda\CMakeFiles\ggml-cuda.dir\opt-step-sgd.cu.obj
<path>/common.cuh(611): warning #221-D: floating-point value does not fit in required floating-point type
              return -((float)(1e+300)) ;
                       ^

Remark: The warnings can be suppressed with "-diag-suppress <warning-number>"

<path>/common.cuh(613): warning #221-D: floating-point value does not fit in required floating-point type
              return make_half2(-((float)(1e+300)) , -((float)(1e+300)) );
                                  ^

<path>/common.cuh(613): warning #221-D: floating-point value does not fit in required floating-point type
              return make_half2(-((float)(1e+300)) , -((float)(1e+300)) );
                                                       ^

opt-step-sgd.cu
tmpxft_0000a7b4_00000000-7_opt-step-sgd.cudafe1.cpp
[60/339] Building CUDA object ggml\src\ggml-cuda\CMakeFiles\ggml-cuda.dir\pad.cu.obj
<path>/common.cuh(611): warning #221-D: floating-point value does not fit in required floating-point type
              return -((float)(1e+300)) ;
                       ^

Remark: The warnings can be suppressed with "-diag-suppress <warning-number>"

<path>/common.cuh(613): warning #221-D: floating-point value does not fit in required floating-point type
              return make_half2(-((float)(1e+300)) , -((float)(1e+300)) );
                                  ^

<path>/common.cuh(613): warning #221-D: floating-point value does not fit in required floating-point type
              return make_half2(-((float)(1e+300)) , -((float)(1e+300)) );
                                                       ^

pad.cu
tmpxft_00008970_00000000-7_pad.cudafe1.cpp
[61/339] Building CUDA object ggml\src\ggml-cuda\CMakeFiles\ggml-cuda.dir\pad_reflect_1d.cu.obj
<path>/common.cuh(611): warning #221-D: floating-point value does not fit in required floating-point type
              return -((float)(1e+300)) ;
                       ^

Remark: The warnings can be suppressed with "-diag-suppress <warning-number>"

<path>/common.cuh(613): warning #221-D: floating-point value does not fit in required floating-point type
              return make_half2(-((float)(1e+300)) , -((float)(1e+300)) );
                                  ^

<path>/common.cuh(613): warning #221-D: floating-point value does not fit in required floating-point type
              return make_half2(-((float)(1e+300)) , -((float)(1e+300)) );
                                                       ^

pad_reflect_1d.cu
tmpxft_0001be70_00000000-7_pad_reflect_1d.cudafe1.cpp
[62/339] Building CUDA object ggml\src\ggml-cuda\CMakeFiles\ggml-cuda.dir\pool2d.cu.obj
<path>/common.cuh(611): warning #221-D: floating-point value does not fit in required floating-point type
              return -((float)(1e+300)) ;
                       ^

Remark: The warnings can be suppressed with "-diag-suppress <warning-number>"

<path>/common.cuh(613): warning #221-D: floating-point value does not fit in required floating-point type
              return make_half2(-((float)(1e+300)) , -((float)(1e+300)) );
                                  ^

<path>/common.cuh(613): warning #221-D: floating-point value does not fit in required floating-point type
              return make_half2(-((float)(1e+300)) , -((float)(1e+300)) );
                                                       ^

pool2d.cu
tmpxft_0000c348_00000000-7_pool2d.cudafe1.cpp
[63/339] Building CUDA object ggml\src\ggml-cuda\CMakeFiles\ggml-cuda.dir\quantize.cu.obj
<path>/common.cuh(611): warning #221-D: floating-point value does not fit in required floating-point type
              return -((float)(1e+300)) ;
                       ^

Remark: The warnings can be suppressed with "-diag-suppress <warning-number>"

<path>/common.cuh(613): warning #221-D: floating-point value does not fit in required floating-point type
              return make_half2(-((float)(1e+300)) , -((float)(1e+300)) );
                                  ^

<path>/common.cuh(613): warning #221-D: floating-point value does not fit in required floating-point type
              return make_half2(-((float)(1e+300)) , -((float)(1e+300)) );
                                                       ^

quantize.cu
tmpxft_0001204c_00000000-7_quantize.cudafe1.cpp
[64/339] Building CUDA object ggml\src\ggml-cuda\CMakeFiles\ggml-cuda.dir\roll.cu.obj
<path>/common.cuh(611): warning #221-D: floating-point value does not fit in required floating-point type
              return -((float)(1e+300)) ;
                       ^

Remark: The warnings can be suppressed with "-diag-suppress <warning-number>"

<path>/common.cuh(613): warning #221-D: floating-point value does not fit in required floating-point type
              return make_half2(-((float)(1e+300)) , -((float)(1e+300)) );
                                  ^

<path>/common.cuh(613): warning #221-D: floating-point value does not fit in required floating-point type
              return make_half2(-((float)(1e+300)) , -((float)(1e+300)) );
                                                       ^

roll.cu
tmpxft_00008964_00000000-7_roll.cudafe1.cpp
[65/339] Building CUDA object ggml\src\ggml-cuda\CMakeFiles\ggml-cuda.dir\rope.cu.obj
<path>/common.cuh(611): warning #221-D: floating-point value does not fit in required floating-point type
              return -((float)(1e+300)) ;
                       ^

Remark: The warnings can be suppressed with "-diag-suppress <warning-number>"

<path>/common.cuh(613): warning #221-D: floating-point value does not fit in required floating-point type
              return make_half2(-((float)(1e+300)) , -((float)(1e+300)) );
                                  ^

<path>/common.cuh(613): warning #221-D: floating-point value does not fit in required floating-point type
              return make_half2(-((float)(1e+300)) , -((float)(1e+300)) );
                                                       ^

rope.cu
tmpxft_00006c40_00000000-7_rope.cudafe1.cpp
[66/339] Building CUDA object ggml\src\ggml-cuda\CMakeFiles\ggml-cuda.dir\scale.cu.obj
<path>/common.cuh(611): warning #221-D: floating-point value does not fit in required floating-point type
              return -((float)(1e+300)) ;
                       ^

Remark: The warnings can be suppressed with "-diag-suppress <warning-number>"

<path>/common.cuh(613): warning #221-D: floating-point value does not fit in required floating-point type
              return make_half2(-((float)(1e+300)) , -((float)(1e+300)) );
                                  ^

<path>/common.cuh(613): warning #221-D: floating-point value does not fit in required floating-point type
              return make_half2(-((float)(1e+300)) , -((float)(1e+300)) );
                                                       ^

scale.cu
tmpxft_000036cc_00000000-7_scale.cudafe1.cpp
[67/339] Building CUDA object ggml\src\ggml-cuda\CMakeFiles\ggml-cuda.dir\set.cu.obj
<path>/common.cuh(611): warning #221-D: floating-point value does not fit in required floating-point type
              return -((float)(1e+300)) ;
                       ^

Remark: The warnings can be suppressed with "-diag-suppress <warning-number>"

<path>/common.cuh(613): warning #221-D: floating-point value does not fit in required floating-point type
              return make_half2(-((float)(1e+300)) , -((float)(1e+300)) );
                                  ^

<path>/common.cuh(613): warning #221-D: floating-point value does not fit in required floating-point type
              return make_half2(-((float)(1e+300)) , -((float)(1e+300)) );
                                                       ^

set.cu
tmpxft_00003188_00000000-7_set.cudafe1.cpp
[68/339] Building CUDA object ggml\src\ggml-cuda\CMakeFiles\ggml-cuda.dir\softcap.cu.obj
<path>/common.cuh(611): warning #221-D: floating-point value does not fit in required floating-point type
              return -((float)(1e+300)) ;
                       ^

Remark: The warnings can be suppressed with "-diag-suppress <warning-number>"

<path>/common.cuh(613): warning #221-D: floating-point value does not fit in required floating-point type
              return make_half2(-((float)(1e+300)) , -((float)(1e+300)) );
                                  ^

<path>/common.cuh(613): warning #221-D: floating-point value does not fit in required floating-point type
              return make_half2(-((float)(1e+300)) , -((float)(1e+300)) );
                                                       ^

softcap.cu
tmpxft_0000a2f0_00000000-7_softcap.cudafe1.cpp
[69/339] Building CUDA object ggml\src\ggml-cuda\CMakeFiles\ggml-cuda.dir\set-rows.cu.obj
<path>/common.cuh(611): warning #221-D: floating-point value does not fit in required floating-point type
              return -((float)(1e+300)) ;
                       ^

Remark: The warnings can be suppressed with "-diag-suppress <warning-number>"

<path>/common.cuh(613): warning #221-D: floating-point value does not fit in required floating-point type
              return make_half2(-((float)(1e+300)) , -((float)(1e+300)) );
                                  ^

<path>/common.cuh(613): warning #221-D: floating-point value does not fit in required floating-point type
              return make_half2(-((float)(1e+300)) , -((float)(1e+300)) );
                                                       ^

set-rows.cu
tmpxft_0001b6c0_00000000-7_set-rows.cudafe1.cpp
[70/339] Building CUDA object ggml\src\ggml-cuda\CMakeFiles\ggml-cuda.dir\snake.cu.obj
<path>/common.cuh(611): warning #221-D: floating-point value does not fit in required floating-point type
              return -((float)(1e+300)) ;
                       ^

Remark: The warnings can be suppressed with "-diag-suppress <warning-number>"

<path>/common.cuh(613): warning #221-D: floating-point value does not fit in required floating-point type
              return make_half2(-((float)(1e+300)) , -((float)(1e+300)) );
                                  ^

<path>/common.cuh(613): warning #221-D: floating-point value does not fit in required floating-point type
              return make_half2(-((float)(1e+300)) , -((float)(1e+300)) );
                                                       ^

snake.cu
tmpxft_00010a64_00000000-7_snake.cudafe1.cpp
[71/339] Building CUDA object ggml\src\ggml-cuda\CMakeFiles\ggml-cuda.dir\fattn.cu.obj
<path>/common.cuh(611): warning #221-D: floating-point value does not fit in required floating-point type
              return -((float)(1e+300)) ;
                       ^

Remark: The warnings can be suppressed with "-diag-suppress <warning-number>"

<path>/common.cuh(613): warning #221-D: floating-point value does not fit in required floating-point type
              return make_half2(-((float)(1e+300)) , -((float)(1e+300)) );
                                  ^

<path>/common.cuh(613): warning #221-D: floating-point value does not fit in required floating-point type
              return make_half2(-((float)(1e+300)) , -((float)(1e+300)) );
                                                       ^

fattn.cu
tmpxft_00018e3c_00000000-7_fattn.cudafe1.cpp
[72/339] Building CUDA object ggml\src\ggml-cuda\CMakeFiles\ggml-cuda.dir\ssm-conv.cu.obj
<path>/common.cuh(611): warning #221-D: floating-point value does not fit in required floating-point type
              return -((float)(1e+300)) ;
                       ^

Remark: The warnings can be suppressed with "-diag-suppress <warning-number>"

<path>/common.cuh(613): warning #221-D: floating-point value does not fit in required floating-point type
              return make_half2(-((float)(1e+300)) , -((float)(1e+300)) );
                                  ^

<path>/common.cuh(613): warning #221-D: floating-point value does not fit in required floating-point type
              return make_half2(-((float)(1e+300)) , -((float)(1e+300)) );
                                                       ^

ssm-conv.cu
tmpxft_00018284_00000000-7_ssm-conv.cudafe1.cpp
[73/339] Building CUDA object ggml\src\ggml-cuda\CMakeFiles\ggml-cuda.dir\solve_tri.cu.obj
<path>/common.cuh(611): warning #221-D: floating-point value does not fit in required floating-point type
              return -((float)(1e+300)) ;
                       ^

Remark: The warnings can be suppressed with "-diag-suppress <warning-number>"

<path>/common.cuh(613): warning #221-D: floating-point value does not fit in required floating-point type
              return make_half2(-((float)(1e+300)) , -((float)(1e+300)) );
                                  ^

<path>/common.cuh(613): warning #221-D: floating-point value does not fit in required floating-point type
              return make_half2(-((float)(1e+300)) , -((float)(1e+300)) );
                                                       ^

solve_tri.cu
tmpxft_000198a8_00000000-7_solve_tri.cudafe1.cpp
[74/339] Building CUDA object ggml\src\ggml-cuda\CMakeFiles\ggml-cuda.dir\sumrows.cu.obj
<path>/common.cuh(611): warning #221-D: floating-point value does not fit in required floating-point type
              return -((float)(1e+300)) ;
                       ^

Remark: The warnings can be suppressed with "-diag-suppress <warning-number>"

<path>/common.cuh(613): warning #221-D: floating-point value does not fit in required floating-point type
              return make_half2(-((float)(1e+300)) , -((float)(1e+300)) );
                                  ^

<path>/common.cuh(613): warning #221-D: floating-point value does not fit in required floating-point type
              return make_half2(-((float)(1e+300)) , -((float)(1e+300)) );
                                                       ^

sumrows.cu
tmpxft_00015394_00000000-7_sumrows.cudafe1.cpp
[75/339] Building CUDA object ggml\src\ggml-cuda\CMakeFiles\ggml-cuda.dir\tsembd.cu.obj
<path>/common.cuh(611): warning #221-D: floating-point value does not fit in required floating-point type
              return -((float)(1e+300)) ;
                       ^

Remark: The warnings can be suppressed with "-diag-suppress <warning-number>"

<path>/common.cuh(613): warning #221-D: floating-point value does not fit in required floating-point type
              return make_half2(-((float)(1e+300)) , -((float)(1e+300)) );
                                  ^

<path>/common.cuh(613): warning #221-D: floating-point value does not fit in required floating-point type
              return make_half2(-((float)(1e+300)) , -((float)(1e+300)) );
                                                       ^

tsembd.cu
tmpxft_00003f4c_00000000-7_tsembd.cudafe1.cpp
[76/339] Building CUDA object ggml\src\ggml-cuda\CMakeFiles\ggml-cuda.dir\tri.cu.obj
<path>/common.cuh(611): warning #221-D: floating-point value does not fit in required floating-point type
              return -((float)(1e+300)) ;
                       ^

Remark: The warnings can be suppressed with "-diag-suppress <warning-number>"

<path>/common.cuh(613): warning #221-D: floating-point value does not fit in required floating-point type
              return make_half2(-((float)(1e+300)) , -((float)(1e+300)) );
                                  ^

<path>/common.cuh(613): warning #221-D: floating-point value does not fit in required floating-point type
              return make_half2(-((float)(1e+300)) , -((float)(1e+300)) );
                                                       ^

tri.cu
tmpxft_00008ccc_00000000-7_tri.cudafe1.cpp
[77/339] Building CUDA object ggml\src\ggml-cuda\CMakeFiles\ggml-cuda.dir\unary.cu.obj
<path>/common.cuh(611): warning #221-D: floating-point value does not fit in required floating-point type
              return -((float)(1e+300)) ;
                       ^

Remark: The warnings can be suppressed with "-diag-suppress <warning-number>"

<path>/common.cuh(613): warning #221-D: floating-point value does not fit in required floating-point type
              return make_half2(-((float)(1e+300)) , -((float)(1e+300)) );
                                  ^

<path>/common.cuh(613): warning #221-D: floating-point value does not fit in required floating-point type
              return make_half2(-((float)(1e+300)) , -((float)(1e+300)) );
                                                       ^

unary.cu
tmpxft_0001a938_00000000-7_unary.cudafe1.cpp
[78/339] Building CUDA object ggml\src\ggml-cuda\CMakeFiles\ggml-cuda.dir\topk-moe.cu.obj
<path>/common.cuh(611): warning #221-D: floating-point value does not fit in required floating-point type
              return -((float)(1e+300)) ;
                       ^

Remark: The warnings can be suppressed with "-diag-suppress <warning-number>"

<path>/common.cuh(613): warning #221-D: floating-point value does not fit in required floating-point type
              return make_half2(-((float)(1e+300)) , -((float)(1e+300)) );
                                  ^

<path>/common.cuh(613): warning #221-D: floating-point value does not fit in required floating-point type
              return make_half2(-((float)(1e+300)) , -((float)(1e+300)) );
                                                       ^

<path>/topk-moe.cu(18): warning #221-D: floating-point value does not fit in required floating-point type
      float max_val = -((float)(1e+300)) ;
                        ^

<path>/topk-moe.cu(66): warning #221-D: floating-point value does not fit in required floating-point type
          vals[i]           = active ? 1.f / (1.f + expf(-vals[i])) : -((float)(1e+300)) ;
                                                                        ^

<path>/topk-moe.cu(105): warning #221-D: floating-point value does not fit in required floating-point type
          wt[i] = -((float)(1e+300)) ;
                    ^

<path>/topk-moe.cu(112): warning #221-D: floating-point value does not fit in required floating-point type
          wt[i / 32 ] = (n_experts % 32 == 0 || expert < n_experts) ? logits[expert] : -((float)(1e+300)) ;
                                                                                         ^

<path>/topk-moe.cu(142): warning #221-D: floating-point value does not fit in required floating-point type
              selection_wt[i] = -((float)(1e+300)) ;
                                  ^

<path>/topk-moe.cu(148): warning #221-D: floating-point value does not fit in required floating-point type
                  (n_experts % 32 == 0 || expert < n_experts) ? wt[i / 32 ] + bias[expert] : -((float)(1e+300)) ;
                                                                                               ^

<path>/topk-moe.cu(196): warning #221-D: floating-point value does not fit in required floating-point type
                  selection_wt[max_expert / 32 ] = -((float)(1e+300)) ;
                                                     ^

<path>/topk-moe.cu(219): warning #221-D: floating-point value does not fit in required floating-point type
                  wt[max_expert / 32 ] = -((float)(1e+300)) ;
                                           ^

<path>/topk-moe.cu(357): warning #221-D: floating-point value does not fit in required floating-point type
      float clamp_val = -((float)(1e+300)) ;
                          ^

<path>/topk-moe.cu(357): warning #221-D: floating-point value does not fit in required floating-point type
      float clamp_val = -((float)(1e+300)) ;
                          ^

Remark: The warnings can be suppressed with "-diag-suppress <warning-number>"

<path>/topk-moe.cu(105): warning #221-D: floating-point value does not fit in required floating-point type
          wt[i] = -((float)(1e+300)) ;
                    ^
          detected during:
            instantiation of "void topk_moe_cuda<n_experts,has_bias>(const float *, float *, int32_t *, float *, int, int, float, float, topk_moe_config) [with n_experts=1, has_bias=true]" at line 281
            instantiation of "void launch_topk_moe_cuda<has_bias>(ggml_backend_cuda_context &, const float *, float *, int32_t *, float *, int, int, int, float, float, topk_moe_config) [with has_bias=true]" at line 368

<path>/topk-moe.cu(112): warning #221-D: floating-point value does not fit in required floating-point type
          wt[i / 32 ] = (n_experts % 32 == 0 || expert < n_experts) ? logits[expert] : -((float)(1e+300)) ;
                                                                                         ^
          detected during:
            instantiation of "void topk_moe_cuda<n_experts,has_bias>(const float *, float *, int32_t *, float *, int, int, float, float, topk_moe_config) [with n_experts=1, has_bias=true]" at line 281
            instantiation of "void launch_topk_moe_cuda<has_bias>(ggml_backend_cuda_context &, const float *, float *, int32_t *, float *, int, int, int, float, float, topk_moe_config) [with has_bias=true]" at line 368

<path>/topk-moe.cu(18): warning #221-D: floating-point value does not fit in required floating-point type
      float max_val = -((float)(1e+300)) ;
                        ^
          detected during:
            instantiation of "void softmax_warp_inplace<experts_per_thread,use_limit>(float (&)[experts_per_thread], int, int) [with experts_per_thread=1, use_limit=false]" at line 119
            instantiation of "void topk_moe_cuda<n_experts,has_bias>(const float *, float *, int32_t *, float *, int, int, float, float, topk_moe_config) [with n_experts=1, has_bias=true]" at line 281
            instantiation of "void launch_topk_moe_cuda<has_bias>(ggml_backend_cuda_context &, const float *, float *, int32_t *, float *, int, int, int, float, float, topk_moe_config) [with has_bias=true]" at line 368

<path>/topk-moe.cu(142): warning #221-D: floating-point value does not fit in required floating-point type
              selection_wt[i] = -((float)(1e+300)) ;
                                  ^
          detected during:
            instantiation of "void topk_moe_cuda<n_experts,has_bias>(const float *, float *, int32_t *, float *, int, int, float, float, topk_moe_config) [with n_experts=1, has_bias=true]" at line 281
            instantiation of "void launch_topk_moe_cuda<has_bias>(ggml_backend_cuda_context &, const float *, float *, int32_t *, float *, int, int, int, float, float, topk_moe_config) [with has_bias=true]" at line 368

<path>/topk-moe.cu(148): warning #221-D: floating-point value does not fit in required floating-point type
                  (n_experts % 32 == 0 || expert < n_experts) ? wt[i / 32 ] + bias[expert] : -((float)(1e+300)) ;
                                                                                               ^
          detected during:
            instantiation of "void topk_moe_cuda<n_experts,has_bias>(const float *, float *, int32_t *, float *, int, int, float, float, topk_moe_config) [with n_experts=1, has_bias=true]" at line 281
            instantiation of "void launch_topk_moe_cuda<has_bias>(ggml_backend_cuda_context &, const float *, float *, int32_t *, float *, int, int, int, float, float, topk_moe_config) [with has_bias=true]" at line 368

<path>/topk-moe.cu(196): warning #221-D: floating-point value does not fit in required floating-point type
                  selection_wt[max_expert / 32 ] = -((float)(1e+300)) ;
                                                     ^
          detected during:
            instantiation of "void topk_moe_cuda<n_experts,has_bias>(const float *, float *, int32_t *, float *, int, int, float, float, topk_moe_config) [with n_experts=1, has_bias=true]" at line 281
            instantiation of "void launch_topk_moe_cuda<has_bias>(ggml_backend_cuda_context &, const float *, float *, int32_t *, float *, int, int, int, float, float, topk_moe_config) [with has_bias=true]" at line 368

<path>/topk-moe.cu(18): warning #221-D: floating-point value does not fit in required floating-point type
      float max_val = -((float)(1e+300)) ;
                        ^
          detected during:
            instantiation of "void softmax_warp_inplace<experts_per_thread,use_limit>(float (&)[experts_per_thread], int, int) [with experts_per_thread=1, use_limit=true]" at line 246
            instantiation of "void topk_moe_cuda<n_experts,has_bias>(const float *, float *, int32_t *, float *, int, int, float, float, topk_moe_config) [with n_experts=1, has_bias=true]" at line 281
            instantiation of "void launch_topk_moe_cuda<has_bias>(ggml_backend_cuda_context &, const float *, float *, int32_t *, float *, int, int, int, float, float, topk_moe_config) [with has_bias=true]" at line 368

<path>/topk-moe.cu(105): warning #221-D: floating-point value does not fit in required floating-point type
          wt[i] = -((float)(1e+300)) ;
                    ^
          detected during:
            instantiation of "void topk_moe_cuda<n_experts,has_bias>(const float *, float *, int32_t *, float *, int, int, float, float, topk_moe_config) [with n_experts=2, has_bias=true]" at line 285
            instantiation of "void launch_topk_moe_cuda<has_bias>(ggml_backend_cuda_context &, const float *, float *, int32_t *, float *, int, int, int, float, float, topk_moe_config) [with has_bias=true]" at line 368

<path>/topk-moe.cu(112): warning #221-D: floating-point value does not fit in required floating-point type
          wt[i / 32 ] = (n_experts % 32 == 0 || expert < n_experts) ? logits[expert] : -((float)(1e+300)) ;
                                                                                         ^
          detected during:
            instantiation of "void topk_moe_cuda<n_experts,has_bias>(const float *, float *, int32_t *, float *, int, int, float, float, topk_moe_config) [with n_experts=2, has_bias=true]" at line 285
            instantiation of "void launch_topk_moe_cuda<has_bias>(ggml_backend_cuda_context &, const float *, float *, int32_t *, float *, int, int, int, float, float, topk_moe_config) [with has_bias=true]" at line 368

<path>/topk-moe.cu(142): warning #221-D: floating-point value does not fit in required floating-point type
              selection_wt[i] = -((float)(1e+300)) ;
                                  ^
          detected during:
            instantiation of "void topk_moe_cuda<n_experts,has_bias>(const float *, float *, int32_t *, float *, int, int, float, float, topk_moe_config) [with n_experts=2, has_bias=true]" at line 285
            instantiation of "void launch_topk_moe_cuda<has_bias>(ggml_backend_cuda_context &, const float *, float *, int32_t *, float *, int, int, int, float, float, topk_moe_config) [with has_bias=true]" at line 368

<path>/topk-moe.cu(148): warning #221-D: floating-point value does not fit in required floating-point type
                  (n_experts % 32 == 0 || expert < n_experts) ? wt[i / 32 ] + bias[expert] : -((float)(1e+300)) ;
                                                                                               ^
          detected during:
            instantiation of "void topk_moe_cuda<n_experts,has_bias>(const float *, float *, int32_t *, float *, int, int, float, float, topk_moe_config) [with n_experts=2, has_bias=true]" at line 285
            instantiation of "void launch_topk_moe_cuda<has_bias>(ggml_backend_cuda_context &, const float *, float *, int32_t *, float *, int, int, int, float, float, topk_moe_config) [with has_bias=true]" at line 368

<path>/topk-moe.cu(196): warning #221-D: floating-point value does not fit in required floating-point type
                  selection_wt[max_expert / 32 ] = -((float)(1e+300)) ;
                                                     ^
          detected during:
            instantiation of "void topk_moe_cuda<n_experts,has_bias>(const float *, float *, int32_t *, float *, int, int, float, float, topk_moe_config) [with n_experts=2, has_bias=true]" at line 285
            instantiation of "void launch_topk_moe_cuda<has_bias>(ggml_backend_cuda_context &, const float *, float *, int32_t *, float *, int, int, int, float, float, topk_moe_config) [with has_bias=true]" at line 368

<path>/topk-moe.cu(105): warning #221-D: floating-point value does not fit in required floating-point type
          wt[i] = -((float)(1e+300)) ;
                    ^
          detected during:
            instantiation of "void topk_moe_cuda<n_experts,has_bias>(const float *, float *, int32_t *, float *, int, int, float, float, topk_moe_config) [with n_experts=4, has_bias=true]" at line 289
            instantiation of "void launch_topk_moe_cuda<has_bias>(ggml_backend_cuda_context &, const float *, float *, int32_t *, float *, int, int, int, float, float, topk_moe_config) [with has_bias=true]" at line 368

<path>/topk-moe.cu(112): warning #221-D: floating-point value does not fit in required floating-point type
          wt[i / 32 ] = (n_experts % 32 == 0 || expert < n_experts) ? logits[expert] : -((float)(1e+300)) ;
                                                                                         ^
          detected during:
            instantiation of "void topk_moe_cuda<n_experts,has_bias>(const float *, float *, int32_t *, float *, int, int, float, float, topk_moe_config) [with n_experts=4, has_bias=true]" at line 289
            instantiation of "void launch_topk_moe_cuda<has_bias>(ggml_backend_cuda_context &, const float *, float *, int32_t *, float *, int, int, int, float, float, topk_moe_config) [with has_bias=true]" at line 368

<path>/topk-moe.cu(142): warning #221-D: floating-point value does not fit in required floating-point type
              selection_wt[i] = -((float)(1e+300)) ;
                                  ^
          detected during:
            instantiation of "void topk_moe_cuda<n_experts,has_bias>(const float *, float *, int32_t *, float *, int, int, float, float, topk_moe_config) [with n_experts=4, has_bias=true]" at line 289
            instantiation of "void launch_topk_moe_cuda<has_bias>(ggml_backend_cuda_context &, const float *, float *, int32_t *, float *, int, int, int, float, float, topk_moe_config) [with has_bias=true]" at line 368

<path>/topk-moe.cu(148): warning #221-D: floating-point value does not fit in required floating-point type
                  (n_experts % 32 == 0 || expert < n_experts) ? wt[i / 32 ] + bias[expert] : -((float)(1e+300)) ;
                                                                                               ^
          detected during:
            instantiation of "void topk_moe_cuda<n_experts,has_bias>(const float *, float *, int32_t *, float *, int, int, float, float, topk_moe_config) [with n_experts=4, has_bias=true]" at line 289
            instantiation of "void launch_topk_moe_cuda<has_bias>(ggml_backend_cuda_context &, const float *, float *, int32_t *, float *, int, int, int, float, float, topk_moe_config) [with has_bias=true]" at line 368

<path>/topk-moe.cu(196): warning #221-D: floating-point value does not fit in required floating-point type
                  selection_wt[max_expert / 32 ] = -((float)(1e+300)) ;
                                                     ^
          detected during:
            instantiation of "void topk_moe_cuda<n_experts,has_bias>(const float *, float *, int32_t *, float *, int, int, float, float, topk_moe_config) [with n_experts=4, has_bias=true]" at line 289
            instantiation of "void launch_topk_moe_cuda<has_bias>(ggml_backend_cuda_context &, const float *, float *, int32_t *, float *, int, int, int, float, float, topk_moe_config) [with has_bias=true]" at line 368

<path>/topk-moe.cu(105): warning #221-D: floating-point value does not fit in required floating-point type
          wt[i] = -((float)(1e+300)) ;
                    ^
          detected during:
            instantiation of "void topk_moe_cuda<n_experts,has_bias>(const float *, float *, int32_t *, float *, int, int, float, float, topk_moe_config) [with n_experts=8, has_bias=true]" at line 293
            instantiation of "void launch_topk_moe_cuda<has_bias>(ggml_backend_cuda_context &, const float *, float *, int32_t *, float *, int, int, int, float, float, topk_moe_config) [with has_bias=true]" at line 368

<path>/topk-moe.cu(112): warning #221-D: floating-point value does not fit in required floating-point type
          wt[i / 32 ] = (n_experts % 32 == 0 || expert < n_experts) ? logits[expert] : -((float)(1e+300)) ;
                                                                                         ^
          detected during:
            instantiation of "void topk_moe_cuda<n_experts,has_bias>(const float *, float *, int32_t *, float *, int, int, float, float, topk_moe_config) [with n_experts=8, has_bias=true]" at line 293
            instantiation of "void launch_topk_moe_cuda<has_bias>(ggml_backend_cuda_context &, const float *, float *, int32_t *, float *, int, int, int, float, float, topk_moe_config) [with has_bias=true]" at line 368

<path>/topk-moe.cu(142): warning #221-D: floating-point value does not fit in required floating-point type
              selection_wt[i] = -((float)(1e+300)) ;
                                  ^
          detected during:
            instantiation of "void topk_moe_cuda<n_experts,has_bias>(const float *, float *, int32_t *, float *, int, int, float, float, topk_moe_config) [with n_experts=8, has_bias=true]" at line 293
            instantiation of "void launch_topk_moe_cuda<has_bias>(ggml_backend_cuda_context &, const float *, float *, int32_t *, float *, int, int, int, float, float, topk_moe_config) [with has_bias=true]" at line 368

<path>/topk-moe.cu(148): warning #221-D: floating-point value does not fit in required floating-point type
                  (n_experts % 32 == 0 || expert < n_experts) ? wt[i / 32 ] + bias[expert] : -((float)(1e+300)) ;
                                                                                               ^
          detected during:
            instantiation of "void topk_moe_cuda<n_experts,has_bias>(const float *, float *, int32_t *, float *, int, int, float, float, topk_moe_config) [with n_experts=8, has_bias=true]" at line 293
            instantiation of "void launch_topk_moe_cuda<has_bias>(ggml_backend_cuda_context &, const float *, float *, int32_t *, float *, int, int, int, float, float, topk_moe_config) [with has_bias=true]" at line 368

<path>/topk-moe.cu(196): warning #221-D: floating-point value does not fit in required floating-point type
                  selection_wt[max_expert / 32 ] = -((float)(1e+300)) ;
                                                     ^
          detected during:
            instantiation of "void topk_moe_cuda<n_experts,has_bias>(const float *, float *, int32_t *, float *, int, int, float, float, topk_moe_config) [with n_experts=8, has_bias=true]" at line 293
            instantiation of "void launch_topk_moe_cuda<has_bias>(ggml_backend_cuda_context &, const float *, float *, int32_t *, float *, int, int, int, float, float, topk_moe_config) [with has_bias=true]" at line 368

<path>/topk-moe.cu(105): warning #221-D: floating-point value does not fit in required floating-point type
          wt[i] = -((float)(1e+300)) ;
                    ^
          detected during:
            instantiation of "void topk_moe_cuda<n_experts,has_bias>(const float *, float *, int32_t *, float *, int, int, float, float, topk_moe_config) [with n_experts=16, has_bias=true]" at line 297
            instantiation of "void launch_topk_moe_cuda<has_bias>(ggml_backend_cuda_context &, const float *, float *, int32_t *, float *, int, int, int, float, float, topk_moe_config) [with has_bias=true]" at line 368

<path>/topk-moe.cu(112): warning #221-D: floating-point value does not fit in required floating-point type
          wt[i / 32 ] = (n_experts % 32 == 0 || expert < n_experts) ? logits[expert] : -((float)(1e+300)) ;
                                                                                         ^
          detected during:
            instantiation of "void topk_moe_cuda<n_experts,has_bias>(const float *, float *, int32_t *, float *, int, int, float, float, topk_moe_config) [with n_experts=16, has_bias=true]" at line 297
            instantiation of "void launch_topk_moe_cuda<has_bias>(ggml_backend_cuda_context &, const float *, float *, int32_t *, float *, int, int, int, float, float, topk_moe_config) [with has_bias=true]" at line 368

<path>/topk-moe.cu(142): warning #221-D: floating-point value does not fit in required floating-point type
              selection_wt[i] = -((float)(1e+300)) ;
                                  ^
          detected during:
            instantiation of "void topk_moe_cuda<n_experts,has_bias>(const float *, float *, int32_t *, float *, int, int, float, float, topk_moe_config) [with n_experts=16, has_bias=true]" at line 297
            instantiation of "void launch_topk_moe_cuda<has_bias>(ggml_backend_cuda_context &, const float *, float *, int32_t *, float *, int, int, int, float, float, topk_moe_config) [with has_bias=true]" at line 368

<path>/topk-moe.cu(148): warning #221-D: floating-point value does not fit in required floating-point type
                  (n_experts % 32 == 0 || expert < n_experts) ? wt[i / 32 ] + bias[expert] : -((float)(1e+300)) ;
                                                                                               ^
          detected during:
            instantiation of "void topk_moe_cuda<n_experts,has_bias>(const float *, float *, int32_t *, float *, int, int, float, float, topk_moe_config) [with n_experts=16, has_bias=true]" at line 297
            instantiation of "void launch_topk_moe_cuda<has_bias>(ggml_backend_cuda_context &, const float *, float *, int32_t *, float *, int, int, int, float, float, topk_moe_config) [with has_bias=true]" at line 368

<path>/topk-moe.cu(196): warning #221-D: floating-point value does not fit in required floating-point type
                  selection_wt[max_expert / 32 ] = -((float)(1e+300)) ;
                                                     ^
          detected during:
            instantiation of "void topk_moe_cuda<n_experts,has_bias>(const float *, float *, int32_t *, float *, int, int, float, float, topk_moe_config) [with n_experts=16, has_bias=true]" at line 297
            instantiation of "void launch_topk_moe_cuda<has_bias>(ggml_backend_cuda_context &, const float *, float *, int32_t *, float *, int, int, int, float, float, topk_moe_config) [with has_bias=true]" at line 368

<path>/topk-moe.cu(105): warning #221-D: floating-point value does not fit in required floating-point type
          wt[i] = -((float)(1e+300)) ;
                    ^
          detected during:
            instantiation of "void topk_moe_cuda<n_experts,has_bias>(const float *, float *, int32_t *, float *, int, int, float, float, topk_moe_config) [with n_experts=32, has_bias=true]" at line 301
            instantiation of "void launch_topk_moe_cuda<has_bias>(ggml_backend_cuda_context &, const float *, float *, int32_t *, float *, int, int, int, float, float, topk_moe_config) [with has_bias=true]" at line 368

<path>/topk-moe.cu(142): warning #221-D: floating-point value does not fit in required floating-point type
              selection_wt[i] = -((float)(1e+300)) ;
                                  ^
          detected during:
            instantiation of "void topk_moe_cuda<n_experts,has_bias>(const float *, float *, int32_t *, float *, int, int, float, float, topk_moe_config) [with n_experts=32, has_bias=true]" at line 301
            instantiation of "void launch_topk_moe_cuda<has_bias>(ggml_backend_cuda_context &, const float *, float *, int32_t *, float *, int, int, int, float, float, topk_moe_config) [with has_bias=true]" at line 368

<path>/topk-moe.cu(196): warning #221-D: floating-point value does not fit in required floating-point type
                  selection_wt[max_expert / 32 ] = -((float)(1e+300)) ;
                                                     ^
          detected during:
            instantiation of "void topk_moe_cuda<n_experts,has_bias>(const float *, float *, int32_t *, float *, int, int, float, float, topk_moe_config) [with n_experts=32, has_bias=true]" at line 301
            instantiation of "void launch_topk_moe_cuda<has_bias>(ggml_backend_cuda_context &, const float *, float *, int32_t *, float *, int, int, int, float, float, topk_moe_config) [with has_bias=true]" at line 368

<path>/topk-moe.cu(105): warning #221-D: floating-point value does not fit in required floating-point type
          wt[i] = -((float)(1e+300)) ;
                    ^
          detected during:
            instantiation of "void topk_moe_cuda<n_experts,has_bias>(const float *, float *, int32_t *, float *, int, int, float, float, topk_moe_config) [with n_experts=64, has_bias=true]" at line 305
            instantiation of "void launch_topk_moe_cuda<has_bias>(ggml_backend_cuda_context &, const float *, float *, int32_t *, float *, int, int, int, float, float, topk_moe_config) [with has_bias=true]" at line 368

<path>/topk-moe.cu(18): warning #221-D: floating-point value does not fit in required floating-point type
      float max_val = -((float)(1e+300)) ;
                        ^
          detected during:
            instantiation of "void softmax_warp_inplace<experts_per_thread,use_limit>(float (&)[experts_per_thread], int, int) [with experts_per_thread=2, use_limit=false]" at line 119
            instantiation of "void topk_moe_cuda<n_experts,has_bias>(const float *, float *, int32_t *, float *, int, int, float, float, topk_moe_config) [with n_experts=64, has_bias=true]" at line 305
            instantiation of "void launch_topk_moe_cuda<has_bias>(ggml_backend_cuda_context &, const float *, float *, int32_t *, float *, int, int, int, float, float, topk_moe_config) [with has_bias=true]" at line 368

<path>/topk-moe.cu(142): warning #221-D: floating-point value does not fit in required floating-point type
              selection_wt[i] = -((float)(1e+300)) ;
                                  ^
          detected during:
            instantiation of "void topk_moe_cuda<n_experts,has_bias>(const float *, float *, int32_t *, float *, int, int, float, float, topk_moe_config) [with n_experts=64, has_bias=true]" at line 305
            instantiation of "void launch_topk_moe_cuda<has_bias>(ggml_backend_cuda_context &, const float *, float *, int32_t *, float *, int, int, int, float, float, topk_moe_config) [with has_bias=true]" at line 368

<path>/topk-moe.cu(196): warning #221-D: floating-point value does not fit in required floating-point type
                  selection_wt[max_expert / 32 ] = -((float)(1e+300)) ;
                                                     ^
          detected during:
            instantiation of "void topk_moe_cuda<n_experts,has_bias>(const float *, float *, int32_t *, float *, int, int, float, float, topk_moe_config) [with n_experts=64, has_bias=true]" at line 305
            instantiation of "void launch_topk_moe_cuda<has_bias>(ggml_backend_cuda_context &, const float *, float *, int32_t *, float *, int, int, int, float, float, topk_moe_config) [with has_bias=true]" at line 368

<path>/topk-moe.cu(18): warning #221-D: floating-point value does not fit in required floating-point type
      float max_val = -((float)(1e+300)) ;
                        ^
          detected during:
            instantiation of "void softmax_warp_inplace<experts_per_thread,use_limit>(float (&)[experts_per_thread], int, int) [with experts_per_thread=2, use_limit=true]" at line 246
            instantiation of "void topk_moe_cuda<n_experts,has_bias>(const float *, float *, int32_t *, float *, int, int, float, float, topk_moe_config) [with n_experts=64, has_bias=true]" at line 305
            instantiation of "void launch_topk_moe_cuda<has_bias>(ggml_backend_cuda_context &, const float *, float *, int32_t *, float *, int, int, int, float, float, topk_moe_config) [with has_bias=true]" at line 368

<path>/topk-moe.cu(105): warning #221-D: floating-point value does not fit in required floating-point type
          wt[i] = -((float)(1e+300)) ;
                    ^
          detected during:
            instantiation of "void topk_moe_cuda<n_experts,has_bias>(const float *, float *, int32_t *, float *, int, int, float, float, topk_moe_config) [with n_experts=128, has_bias=true]" at line 309
            instantiation of "void launch_topk_moe_cuda<has_bias>(ggml_backend_cuda_context &, const float *, float *, int32_t *, float *, int, int, int, float, float, topk_moe_config) [with has_bias=true]" at line 368

<path>/topk-moe.cu(18): warning #221-D: floating-point value does not fit in required floating-point type
      float max_val = -((float)(1e+300)) ;
                        ^
          detected during:
            instantiation of "void softmax_warp_inplace<experts_per_thread,use_limit>(float (&)[experts_per_thread], int, int) [with experts_per_thread=4, use_limit=false]" at line 119
            instantiation of "void topk_moe_cuda<n_experts,has_bias>(const float *, float *, int32_t *, float *, int, int, float, float, topk_moe_config) [with n_experts=128, has_bias=true]" at line 309
            instantiation of "void launch_topk_moe_cuda<has_bias>(ggml_backend_cuda_context &, const float *, float *, int32_t *, float *, int, int, int, float, float, topk_moe_config) [with has_bias=true]" at line 368

<path>/topk-moe.cu(142): warning #221-D: floating-point value does not fit in required floating-point type
              selection_wt[i] = -((float)(1e+300)) ;
                                  ^
          detected during:
            instantiation of "void topk_moe_cuda<n_experts,has_bias>(const float *, float *, int32_t *, float *, int, int, float, float, topk_moe_config) [with n_experts=128, has_bias=true]" at line 309
            instantiation of "void launch_topk_moe_cuda<has_bias>(ggml_backend_cuda_context &, const float *, float *, int32_t *, float *, int, int, int, float, float, topk_moe_config) [with has_bias=true]" at line 368

<path>/topk-moe.cu(196): warning #221-D: floating-point value does not fit in required floating-point type
                  selection_wt[max_expert / 32 ] = -((float)(1e+300)) ;
                                                     ^
          detected during:
            instantiation of "void topk_moe_cuda<n_experts,has_bias>(const float *, float *, int32_t *, float *, int, int, float, float, topk_moe_config) [with n_experts=128, has_bias=true]" at line 309
            instantiation of "void launch_topk_moe_cuda<has_bias>(ggml_backend_cuda_context &, const float *, float *, int32_t *, float *, int, int, int, float, float, topk_moe_config) [with has_bias=true]" at line 368

<path>/topk-moe.cu(18): warning #221-D: floating-point value does not fit in required floating-point type
      float max_val = -((float)(1e+300)) ;
                        ^
          detected during:
            instantiation of "void softmax_warp_inplace<experts_per_thread,use_limit>(float (&)[experts_per_thread], int, int) [with experts_per_thread=4, use_limit=true]" at line 246
            instantiation of "void topk_moe_cuda<n_experts,has_bias>(const float *, float *, int32_t *, float *, int, int, float, float, topk_moe_config) [with n_experts=128, has_bias=true]" at line 309
            instantiation of "void launch_topk_moe_cuda<has_bias>(ggml_backend_cuda_context &, const float *, float *, int32_t *, float *, int, int, int, float, float, topk_moe_config) [with has_bias=true]" at line 368

<path>/topk-moe.cu(105): warning #221-D: floating-point value does not fit in required floating-point type
          wt[i] = -((float)(1e+300)) ;
                    ^
          detected during:
            instantiation of "void topk_moe_cuda<n_experts,has_bias>(const float *, float *, int32_t *, float *, int, int, float, float, topk_moe_config) [with n_experts=256, has_bias=true]" at line 313
            instantiation of "void launch_topk_moe_cuda<has_bias>(ggml_backend_cuda_context &, const float *, float *, int32_t *, float *, int, int, int, float, float, topk_moe_config) [with has_bias=true]" at line 368

<path>/topk-moe.cu(18): warning #221-D: floating-point value does not fit in required floating-point type
      float max_val = -((float)(1e+300)) ;
                        ^
          detected during:
            instantiation of "void softmax_warp_inplace<experts_per_thread,use_limit>(float (&)[experts_per_thread], int, int) [with experts_per_thread=8, use_limit=false]" at line 119
            instantiation of "void topk_moe_cuda<n_experts,has_bias>(const float *, float *, int32_t *, float *, int, int, float, float, topk_moe_config) [with n_experts=256, has_bias=true]" at line 313
            instantiation of "void launch_topk_moe_cuda<has_bias>(ggml_backend_cuda_context &, const float *, float *, int32_t *, float *, int, int, int, float, float, topk_moe_config) [with has_bias=true]" at line 368

<path>/topk-moe.cu(142): warning #221-D: floating-point value does not fit in required floating-point type
              selection_wt[i] = -((float)(1e+300)) ;
                                  ^
          detected during:
            instantiation of "void topk_moe_cuda<n_experts,has_bias>(const float *, float *, int32_t *, float *, int, int, float, float, topk_moe_config) [with n_experts=256, has_bias=true]" at line 313
            instantiation of "void launch_topk_moe_cuda<has_bias>(ggml_backend_cuda_context &, const float *, float *, int32_t *, float *, int, int, int, float, float, topk_moe_config) [with has_bias=true]" at line 368

<path>/topk-moe.cu(196): warning #221-D: floating-point value does not fit in required floating-point type
                  selection_wt[max_expert / 32 ] = -((float)(1e+300)) ;
                                                     ^
          detected during:
            instantiation of "void topk_moe_cuda<n_experts,has_bias>(const float *, float *, int32_t *, float *, int, int, float, float, topk_moe_config) [with n_experts=256, has_bias=true]" at line 313
            instantiation of "void launch_topk_moe_cuda<has_bias>(ggml_backend_cuda_context &, const float *, float *, int32_t *, float *, int, int, int, float, float, topk_moe_config) [with has_bias=true]" at line 368

<path>/topk-moe.cu(18): warning #221-D: floating-point value does not fit in required floating-point type
      float max_val = -((float)(1e+300)) ;
                        ^
          detected during:
            instantiation of "void softmax_warp_inplace<experts_per_thread,use_limit>(float (&)[experts_per_thread], int, int) [with experts_per_thread=8, use_limit=true]" at line 246
            instantiation of "void topk_moe_cuda<n_experts,has_bias>(const float *, float *, int32_t *, float *, int, int, float, float, topk_moe_config) [with n_experts=256, has_bias=true]" at line 313
            instantiation of "void launch_topk_moe_cuda<has_bias>(ggml_backend_cuda_context &, const float *, float *, int32_t *, float *, int, int, int, float, float, topk_moe_config) [with has_bias=true]" at line 368

<path>/topk-moe.cu(105): warning #221-D: floating-point value does not fit in required floating-point type
          wt[i] = -((float)(1e+300)) ;
                    ^
          detected during:
            instantiation of "void topk_moe_cuda<n_experts,has_bias>(const float *, float *, int32_t *, float *, int, int, float, float, topk_moe_config) [with n_experts=512, has_bias=true]" at line 317
            instantiation of "void launch_topk_moe_cuda<has_bias>(ggml_backend_cuda_context &, const float *, float *, int32_t *, float *, int, int, int, float, float, topk_moe_config) [with has_bias=true]" at line 368

<path>/topk-moe.cu(18): warning #221-D: floating-point value does not fit in required floating-point type
      float max_val = -((float)(1e+300)) ;
                        ^
          detected during:
            instantiation of "void softmax_warp_inplace<experts_per_thread,use_limit>(float (&)[experts_per_thread], int, int) [with experts_per_thread=16, use_limit=false]" at line 119
            instantiation of "void topk_moe_cuda<n_experts,has_bias>(const float *, float *, int32_t *, float *, int, int, float, float, topk_moe_config) [with n_experts=512, has_bias=true]" at line 317
            instantiation of "void launch_topk_moe_cuda<has_bias>(ggml_backend_cuda_context &, const float *, float *, int32_t *, float *, int, int, int, float, float, topk_moe_config) [with has_bias=true]" at line 368

<path>/topk-moe.cu(142): warning #221-D: floating-point value does not fit in required floating-point type
              selection_wt[i] = -((float)(1e+300)) ;
                                  ^
          detected during:
            instantiation of "void topk_moe_cuda<n_experts,has_bias>(const float *, float *, int32_t *, float *, int, int, float, float, topk_moe_config) [with n_experts=512, has_bias=true]" at line 317
            instantiation of "void launch_topk_moe_cuda<has_bias>(ggml_backend_cuda_context &, const float *, float *, int32_t *, float *, int, int, int, float, float, topk_moe_config) [with has_bias=true]" at line 368

<path>/topk-moe.cu(196): warning #221-D: floating-point value does not fit in required floating-point type
                  selection_wt[max_expert / 32 ] = -((float)(1e+300)) ;
                                                     ^
          detected during:
            instantiation of "void topk_moe_cuda<n_experts,has_bias>(const float *, float *, int32_t *, float *, int, int, float, float, topk_moe_config) [with n_experts=512, has_bias=true]" at line 317
            instantiation of "void launch_topk_moe_cuda<has_bias>(ggml_backend_cuda_context &, const float *, float *, int32_t *, float *, int, int, int, float, float, topk_moe_config) [with has_bias=true]" at line 368

<path>/topk-moe.cu(18): warning #221-D: floating-point value does not fit in required floating-point type
      float max_val = -((float)(1e+300)) ;
                        ^
          detected during:
            instantiation of "void softmax_warp_inplace<experts_per_thread,use_limit>(float (&)[experts_per_thread], int, int) [with experts_per_thread=16, use_limit=true]" at line 246
            instantiation of "void topk_moe_cuda<n_experts,has_bias>(const float *, float *, int32_t *, float *, int, int, float, float, topk_moe_config) [with n_experts=512, has_bias=true]" at line 317
            instantiation of "void launch_topk_moe_cuda<has_bias>(ggml_backend_cuda_context &, const float *, float *, int32_t *, float *, int, int, int, float, float, topk_moe_config) [with has_bias=true]" at line 368

<path>/topk-moe.cu(105): warning #221-D: floating-point value does not fit in required floating-point type
          wt[i] = -((float)(1e+300)) ;
                    ^
          detected during:
            instantiation of "void topk_moe_cuda<n_experts,has_bias>(const float *, float *, int32_t *, float *, int, int, float, float, topk_moe_config) [with n_experts=576, has_bias=true]" at line 321
            instantiation of "void launch_topk_moe_cuda<has_bias>(ggml_backend_cuda_context &, const float *, float *, int32_t *, float *, int, int, int, float, float, topk_moe_config) [with has_bias=true]" at line 368

<path>/topk-moe.cu(18): warning #221-D: floating-point value does not fit in required floating-point type
      float max_val = -((float)(1e+300)) ;
                        ^
          detected during:
            instantiation of "void softmax_warp_inplace<experts_per_thread,use_limit>(float (&)[experts_per_thread], int, int) [with experts_per_thread=18, use_limit=false]" at line 119
            instantiation of "void topk_moe_cuda<n_experts,has_bias>(const float *, float *, int32_t *, float *, int, int, float, float, topk_moe_config) [with n_experts=576, has_bias=true]" at line 321
            instantiation of "void launch_topk_moe_cuda<has_bias>(ggml_backend_cuda_context &, const float *, float *, int32_t *, float *, int, int, int, float, float, topk_moe_config) [with has_bias=true]" at line 368

<path>/topk-moe.cu(142): warning #221-D: floating-point value does not fit in required floating-point type
              selection_wt[i] = -((float)(1e+300)) ;
                                  ^
          detected during:
            instantiation of "void topk_moe_cuda<n_experts,has_bias>(const float *, float *, int32_t *, float *, int, int, float, float, topk_moe_config) [with n_experts=576, has_bias=true]" at line 321
            instantiation of "void launch_topk_moe_cuda<has_bias>(ggml_backend_cuda_context &, const float *, float *, int32_t *, float *, int, int, int, float, float, topk_moe_config) [with has_bias=true]" at line 368

<path>/topk-moe.cu(196): warning #221-D: floating-point value does not fit in required floating-point type
                  selection_wt[max_expert / 32 ] = -((float)(1e+300)) ;
                                                     ^
          detected during:
            instantiation of "void topk_moe_cuda<n_experts,has_bias>(const float *, float *, int32_t *, float *, int, int, float, float, topk_moe_config) [with n_experts=576, has_bias=true]" at line 321
            instantiation of "void launch_topk_moe_cuda<has_bias>(ggml_backend_cuda_context &, const float *, float *, int32_t *, float *, int, int, int, float, float, topk_moe_config) [with has_bias=true]" at line 368

<path>/topk-moe.cu(18): warning #221-D: floating-point value does not fit in required floating-point type
      float max_val = -((float)(1e+300)) ;
                        ^
          detected during:
            instantiation of "void softmax_warp_inplace<experts_per_thread,use_limit>(float (&)[experts_per_thread], int, int) [with experts_per_thread=18, use_limit=true]" at line 246
            instantiation of "void topk_moe_cuda<n_experts,has_bias>(const float *, float *, int32_t *, float *, int, int, float, float, topk_moe_config) [with n_experts=576, has_bias=true]" at line 321
            instantiation of "void launch_topk_moe_cuda<has_bias>(ggml_backend_cuda_context &, const float *, float *, int32_t *, float *, int, int, int, float, float, topk_moe_config) [with has_bias=true]" at line 368

<path>/topk-moe.cu(105): warning #221-D: floating-point value does not fit in required floating-point type
          wt[i] = -((float)(1e+300)) ;
                    ^
          detected during:
            instantiation of "void topk_moe_cuda<n_experts,has_bias>(const float *, float *, int32_t *, float *, int, int, float, float, topk_moe_config) [with n_experts=1, has_bias=false]" at line 281
            instantiation of "void launch_topk_moe_cuda<has_bias>(ggml_backend_cuda_context &, const float *, float *, int32_t *, float *, int, int, int, float, float, topk_moe_config) [with has_bias=false]" at line 371

<path>/topk-moe.cu(112): warning #221-D: floating-point value does not fit in required floating-point type
          wt[i / 32 ] = (n_experts % 32 == 0 || expert < n_experts) ? logits[expert] : -((float)(1e+300)) ;
                                                                                         ^
          detected during:
            instantiation of "void topk_moe_cuda<n_experts,has_bias>(const float *, float *, int32_t *, float *, int, int, float, float, topk_moe_config) [with n_experts=1, has_bias=false]" at line 281
            instantiation of "void launch_topk_moe_cuda<has_bias>(ggml_backend_cuda_context &, const float *, float *, int32_t *, float *, int, int, int, float, float, topk_moe_config) [with has_bias=false]" at line 371

<path>/topk-moe.cu(219): warning #221-D: floating-point value does not fit in required floating-point type
                  wt[max_expert / 32 ] = -((float)(1e+300)) ;
                                           ^
          detected during:
            instantiation of "void topk_moe_cuda<n_experts,has_bias>(const float *, float *, int32_t *, float *, int, int, float, float, topk_moe_config) [with n_experts=1, has_bias=false]" at line 281
            instantiation of "void launch_topk_moe_cuda<has_bias>(ggml_backend_cuda_context &, const float *, float *, int32_t *, float *, int, int, int, float, float, topk_moe_config) [with has_bias=false]" at line 371

<path>/topk-moe.cu(105): warning #221-D: floating-point value does not fit in required floating-point type
          wt[i] = -((float)(1e+300)) ;
                    ^
          detected during:
            instantiation of "void topk_moe_cuda<n_experts,has_bias>(const float *, float *, int32_t *, float *, int, int, float, float, topk_moe_config) [with n_experts=2, has_bias=false]" at line 285
            instantiation of "void launch_topk_moe_cuda<has_bias>(ggml_backend_cuda_context &, const float *, float *, int32_t *, float *, int, int, int, float, float, topk_moe_config) [with has_bias=false]" at line 371

<path>/topk-moe.cu(112): warning #221-D: floating-point value does not fit in required floating-point type
          wt[i / 32 ] = (n_experts % 32 == 0 || expert < n_experts) ? logits[expert] : -((float)(1e+300)) ;
                                                                                         ^
          detected during:
            instantiation of "void topk_moe_cuda<n_experts,has_bias>(const float *, float *, int32_t *, float *, int, int, float, float, topk_moe_config) [with n_experts=2, has_bias=false]" at line 285
            instantiation of "void launch_topk_moe_cuda<has_bias>(ggml_backend_cuda_context &, const float *, float *, int32_t *, float *, int, int, int, float, float, topk_moe_config) [with has_bias=false]" at line 371

<path>/topk-moe.cu(219): warning #221-D: floating-point value does not fit in required floating-point type
                  wt[max_expert / 32 ] = -((float)(1e+300)) ;
                                           ^
          detected during:
            instantiation of "void topk_moe_cuda<n_experts,has_bias>(const float *, float *, int32_t *, float *, int, int, float, float, topk_moe_config) [with n_experts=2, has_bias=false]" at line 285
            instantiation of "void launch_topk_moe_cuda<has_bias>(ggml_backend_cuda_context &, const float *, float *, int32_t *, float *, int, int, int, float, float, topk_moe_config) [with has_bias=false]" at line 371

<path>/topk-moe.cu(105): warning #221-D: floating-point value does not fit in required floating-point type
          wt[i] = -((float)(1e+300)) ;
                    ^
          detected during:
            instantiation of "void topk_moe_cuda<n_experts,has_bias>(const float *, float *, int32_t *, float *, int, int, float, float, topk_moe_config) [with n_experts=4, has_bias=false]" at line 289
            instantiation of "void launch_topk_moe_cuda<has_bias>(ggml_backend_cuda_context &, const float *, float *, int32_t *, float *, int, int, int, float, float, topk_moe_config) [with has_bias=false]" at line 371

<path>/topk-moe.cu(112): warning #221-D: floating-point value does not fit in required floating-point type
          wt[i / 32 ] = (n_experts % 32 == 0 || expert < n_experts) ? logits[expert] : -((float)(1e+300)) ;
                                                                                         ^
          detected during:
            instantiation of "void topk_moe_cuda<n_experts,has_bias>(const float *, float *, int32_t *, float *, int, int, float, float, topk_moe_config) [with n_experts=4, has_bias=false]" at line 289
            instantiation of "void launch_topk_moe_cuda<has_bias>(ggml_backend_cuda_context &, const float *, float *, int32_t *, float *, int, int, int, float, float, topk_moe_config) [with has_bias=false]" at line 371

<path>/topk-moe.cu(219): warning #221-D: floating-point value does not fit in required floating-point type
                  wt[max_expert / 32 ] = -((float)(1e+300)) ;
                                           ^
          detected during:
            instantiation of "void topk_moe_cuda<n_experts,has_bias>(const float *, float *, int32_t *, float *, int, int, float, float, topk_moe_config) [with n_experts=4, has_bias=false]" at line 289
            instantiation of "void launch_topk_moe_cuda<has_bias>(ggml_backend_cuda_context &, const float *, float *, int32_t *, float *, int, int, int, float, float, topk_moe_config) [with has_bias=false]" at line 371

<path>/topk-moe.cu(105): warning #221-D: floating-point value does not fit in required floating-point type
          wt[i] = -((float)(1e+300)) ;
                    ^
          detected during:
            instantiation of "void topk_moe_cuda<n_experts,has_bias>(const float *, float *, int32_t *, float *, int, int, float, float, topk_moe_config) [with n_experts=8, has_bias=false]" at line 293
            instantiation of "void launch_topk_moe_cuda<has_bias>(ggml_backend_cuda_context &, const float *, float *, int32_t *, float *, int, int, int, float, float, topk_moe_config) [with has_bias=false]" at line 371

<path>/topk-moe.cu(112): warning #221-D: floating-point value does not fit in required floating-point type
          wt[i / 32 ] = (n_experts % 32 == 0 || expert < n_experts) ? logits[expert] : -((float)(1e+300)) ;
                                                                                         ^
          detected during:
            instantiation of "void topk_moe_cuda<n_experts,has_bias>(const float *, float *, int32_t *, float *, int, int, float, float, topk_moe_config) [with n_experts=8, has_bias=false]" at line 293
            instantiation of "void launch_topk_moe_cuda<has_bias>(ggml_backend_cuda_context &, const float *, float *, int32_t *, float *, int, int, int, float, float, topk_moe_config) [with has_bias=false]" at line 371

<path>/topk-moe.cu(219): warning #221-D: floating-point value does not fit in required floating-point type
                  wt[max_expert / 32 ] = -((float)(1e+300)) ;
                                           ^
          detected during:
            instantiation of "void topk_moe_cuda<n_experts,has_bias>(const float *, float *, int32_t *, float *, int, int, float, float, topk_moe_config) [with n_experts=8, has_bias=false]" at line 293
            instantiation of "void launch_topk_moe_cuda<has_bias>(ggml_backend_cuda_context &, const float *, float *, int32_t *, float *, int, int, int, float, float, topk_moe_config) [with has_bias=false]" at line 371

<path>/topk-moe.cu(105): warning #221-D: floating-point value does not fit in required floating-point type
          wt[i] = -((float)(1e+300)) ;
                    ^
          detected during:
            instantiation of "void topk_moe_cuda<n_experts,has_bias>(const float *, float *, int32_t *, float *, int, int, float, float, topk_moe_config) [with n_experts=16, has_bias=false]" at line 297
            instantiation of "void launch_topk_moe_cuda<has_bias>(ggml_backend_cuda_context &, const float *, float *, int32_t *, float *, int, int, int, float, float, topk_moe_config) [with has_bias=false]" at line 371

<path>/topk-moe.cu(112): warning #221-D: floating-point value does not fit in required floating-point type
          wt[i / 32 ] = (n_experts % 32 == 0 || expert < n_experts) ? logits[expert] : -((float)(1e+300)) ;
                                                                                         ^
          detected during:
            instantiation of "void topk_moe_cuda<n_experts,has_bias>(const float *, float *, int32_t *, float *, int, int, float, float, topk_moe_config) [with n_experts=16, has_bias=false]" at line 297
            instantiation of "void launch_topk_moe_cuda<has_bias>(ggml_backend_cuda_context &, const float *, float *, int32_t *, float *, int, int, int, float, float, topk_moe_config) [with has_bias=false]" at line 371

<path>/topk-moe.cu(219): warning #221-D: floating-point value does not fit in required floating-point type
                  wt[max_expert / 32 ] = -((float)(1e+300)) ;
                                           ^
          detected during:
            instantiation of "void topk_moe_cuda<n_experts,has_bias>(const float *, float *, int32_t *, float *, int, int, float, float, topk_moe_config) [with n_experts=16, has_bias=false]" at line 297
            instantiation of "void launch_topk_moe_cuda<has_bias>(ggml_backend_cuda_context &, const float *, float *, int32_t *, float *, int, int, int, float, float, topk_moe_config) [with has_bias=false]" at line 371

<path>/topk-moe.cu(105): warning #221-D: floating-point value does not fit in required floating-point type
          wt[i] = -((float)(1e+300)) ;
                    ^
          detected during:
            instantiation of "void topk_moe_cuda<n_experts,has_bias>(const float *, float *, int32_t *, float *, int, int, float, float, topk_moe_config) [with n_experts=32, has_bias=false]" at line 301
            instantiation of "void launch_topk_moe_cuda<has_bias>(ggml_backend_cuda_context &, const float *, float *, int32_t *, float *, int, int, int, float, float, topk_moe_config) [with has_bias=false]" at line 371

<path>/topk-moe.cu(219): warning #221-D: floating-point value does not fit in required floating-point type
                  wt[max_expert / 32 ] = -((float)(1e+300)) ;
                                           ^
          detected during:
            instantiation of "void topk_moe_cuda<n_experts,has_bias>(const float *, float *, int32_t *, float *, int, int, float, float, topk_moe_config) [with n_experts=32, has_bias=false]" at line 301
            instantiation of "void launch_topk_moe_cuda<has_bias>(ggml_backend_cuda_context &, const float *, float *, int32_t *, float *, int, int, int, float, float, topk_moe_config) [with has_bias=false]" at line 371

<path>/topk-moe.cu(105): warning #221-D: floating-point value does not fit in required floating-point type
          wt[i] = -((float)(1e+300)) ;
                    ^
          detected during:
            instantiation of "void topk_moe_cuda<n_experts,has_bias>(const float *, float *, int32_t *, float *, int, int, float, float, topk_moe_config) [with n_experts=64, has_bias=false]" at line 305
            instantiation of "void launch_topk_moe_cuda<has_bias>(ggml_backend_cuda_context &, const float *, float *, int32_t *, float *, int, int, int, float, float, topk_moe_config) [with has_bias=false]" at line 371

<path>/topk-moe.cu(219): warning #221-D: floating-point value does not fit in required floating-point type
                  wt[max_expert / 32 ] = -((float)(1e+300)) ;
                                           ^
          detected during:
            instantiation of "void topk_moe_cuda<n_experts,has_bias>(const float *, float *, int32_t *, float *, int, int, float, float, topk_moe_config) [with n_experts=64, has_bias=false]" at line 305
            instantiation of "void launch_topk_moe_cuda<has_bias>(ggml_backend_cuda_context &, const float *, float *, int32_t *, float *, int, int, int, float, float, topk_moe_config) [with has_bias=false]" at line 371

<path>/topk-moe.cu(105): warning #221-D: floating-point value does not fit in required floating-point type
          wt[i] = -((float)(1e+300)) ;
                    ^
          detected during:
            instantiation of "void topk_moe_cuda<n_experts,has_bias>(const float *, float *, int32_t *, float *, int, int, float, float, topk_moe_config) [with n_experts=128, has_bias=false]" at line 309
            instantiation of "void launch_topk_moe_cuda<has_bias>(ggml_backend_cuda_context &, const float *, float *, int32_t *, float *, int, int, int, float, float, topk_moe_config) [with has_bias=false]" at line 371

<path>/topk-moe.cu(219): warning #221-D: floating-point value does not fit in required floating-point type
                  wt[max_expert / 32 ] = -((float)(1e+300)) ;
                                           ^
          detected during:
            instantiation of "void topk_moe_cuda<n_experts,has_bias>(const float *, float *, int32_t *, float *, int, int, float, float, topk_moe_config) [with n_experts=128, has_bias=false]" at line 309
            instantiation of "void launch_topk_moe_cuda<has_bias>(ggml_backend_cuda_context &, const float *, float *, int32_t *, float *, int, int, int, float, float, topk_moe_config) [with has_bias=false]" at line 371

<path>/topk-moe.cu(105): warning #221-D: floating-point value does not fit in required floating-point type
          wt[i] = -((float)(1e+300)) ;
                    ^
          detected during:
            instantiation of "void topk_moe_cuda<n_experts,has_bias>(const float *, float *, int32_t *, float *, int, int, float, float, topk_moe_config) [with n_experts=256, has_bias=false]" at line 313
            instantiation of "void launch_topk_moe_cuda<has_bias>(ggml_backend_cuda_context &, const float *, float *, int32_t *, float *, int, int, int, float, float, topk_moe_config) [with has_bias=false]" at line 371

<path>/topk-moe.cu(219): warning #221-D: floating-point value does not fit in required floating-point type
                  wt[max_expert / 32 ] = -((float)(1e+300)) ;
                                           ^
          detected during:
            instantiation of "void topk_moe_cuda<n_experts,has_bias>(const float *, float *, int32_t *, float *, int, int, float, float, topk_moe_config) [with n_experts=256, has_bias=false]" at line 313
            instantiation of "void launch_topk_moe_cuda<has_bias>(ggml_backend_cuda_context &, const float *, float *, int32_t *, float *, int, int, int, float, float, topk_moe_config) [with has_bias=false]" at line 371

<path>/topk-moe.cu(105): warning #221-D: floating-point value does not fit in required floating-point type
          wt[i] = -((float)(1e+300)) ;
                    ^
          detected during:
            instantiation of "void topk_moe_cuda<n_experts,has_bias>(const float *, float *, int32_t *, float *, int, int, float, float, topk_moe_config) [with n_experts=512, has_bias=false]" at line 317
            instantiation of "void launch_topk_moe_cuda<has_bias>(ggml_backend_cuda_context &, const float *, float *, int32_t *, float *, int, int, int, float, float, topk_moe_config) [with has_bias=false]" at line 371

<path>/topk-moe.cu(219): warning #221-D: floating-point value does not fit in required floating-point type
                  wt[max_expert / 32 ] = -((float)(1e+300)) ;
                                           ^
          detected during:
            instantiation of "void topk_moe_cuda<n_experts,has_bias>(const float *, float *, int32_t *, float *, int, int, float, float, topk_moe_config) [with n_experts=512, has_bias=false]" at line 317
            instantiation of "void launch_topk_moe_cuda<has_bias>(ggml_backend_cuda_context &, const float *, float *, int32_t *, float *, int, int, int, float, float, topk_moe_config) [with has_bias=false]" at line 371

<path>/topk-moe.cu(105): warning #221-D: floating-point value does not fit in required floating-point type
          wt[i] = -((float)(1e+300)) ;
                    ^
          detected during:
            instantiation of "void topk_moe_cuda<n_experts,has_bias>(const float *, float *, int32_t *, float *, int, int, float, float, topk_moe_config) [with n_experts=576, has_bias=false]" at line 321
            instantiation of "void launch_topk_moe_cuda<has_bias>(ggml_backend_cuda_context &, const float *, float *, int32_t *, float *, int, int, int, float, float, topk_moe_config) [with has_bias=false]" at line 371

<path>/topk-moe.cu(219): warning #221-D: floating-point value does not fit in required floating-point type
                  wt[max_expert / 32 ] = -((float)(1e+300)) ;
                                           ^
          detected during:
            instantiation of "void topk_moe_cuda<n_experts,has_bias>(const float *, float *, int32_t *, float *, int, int, float, float, topk_moe_config) [with n_experts=576, has_bias=false]" at line 321
            instantiation of "void launch_topk_moe_cuda<has_bias>(ggml_backend_cuda_context &, const float *, float *, int32_t *, float *, int, int, int, float, float, topk_moe_config) [with has_bias=false]" at line 371

topk-moe.cu
tmpxft_00009ab0_00000000-7_topk-moe.cudafe1.cpp
[79/339] Building CUDA object ggml\src\ggml-cuda\CMakeFiles\ggml-cuda.dir\upscale.cu.obj
<path>/common.cuh(611): warning #221-D: floating-point value does not fit in required floating-point type
              return -((float)(1e+300)) ;
                       ^

Remark: The warnings can be suppressed with "-diag-suppress <warning-number>"

<path>/common.cuh(613): warning #221-D: floating-point value does not fit in required floating-point type
              return make_half2(-((float)(1e+300)) , -((float)(1e+300)) );
                                  ^

<path>/common.cuh(613): warning #221-D: floating-point value does not fit in required floating-point type
              return make_half2(-((float)(1e+300)) , -((float)(1e+300)) );
                                                       ^

upscale.cu
tmpxft_00003c58_00000000-7_upscale.cudafe1.cpp
[80/339] Building CUDA object ggml\src\ggml-cuda\CMakeFiles\ggml-cuda.dir\wkv.cu.obj
<path>/common.cuh(611): warning #221-D: floating-point value does not fit in required floating-point type
              return -((float)(1e+300)) ;
                       ^

Remark: The warnings can be suppressed with "-diag-suppress <warning-number>"

<path>/common.cuh(613): warning #221-D: floating-point value does not fit in required floating-point type
              return make_half2(-((float)(1e+300)) , -((float)(1e+300)) );
                                  ^

<path>/common.cuh(613): warning #221-D: floating-point value does not fit in required floating-point type
              return make_half2(-((float)(1e+300)) , -((float)(1e+300)) );
                                                       ^

wkv.cu
tmpxft_0000cb48_00000000-7_wkv.cudafe1.cpp
[81/339] Building CUDA object ggml\src\ggml-cuda\CMakeFiles\ggml-cuda.dir\softmax.cu.obj
<path>/common.cuh(611): warning #221-D: floating-point value does not fit in required floating-point type
              return -((float)(1e+300)) ;
                       ^

Remark: The warnings can be suppressed with "-diag-suppress <warning-number>"

<path>/common.cuh(613): warning #221-D: floating-point value does not fit in required floating-point type
              return make_half2(-((float)(1e+300)) , -((float)(1e+300)) );
                                  ^

<path>/common.cuh(613): warning #221-D: floating-point value does not fit in required floating-point type
              return make_half2(-((float)(1e+300)) , -((float)(1e+300)) );
                                                       ^

<path>/softmax.cu(85): warning #221-D: floating-point value does not fit in required floating-point type
      float max_val = sinks ? sinks[i02] : -((float)(1e+300)) ;
                                             ^

<path>/softmax.cu(154): warning #221-D: floating-point value does not fit in required floating-point type
      float     local_vals[n_elem_per_thread] = { -((float)(1e+300)) , -((float)(1e+300)) , -((float)(1e+300)) , -((float)(1e+300)) };
                                                    ^

<path>/softmax.cu(154): warning #221-D: floating-point value does not fit in required floating-point type
      float     local_vals[n_elem_per_thread] = { -((float)(1e+300)) , -((float)(1e+300)) , -((float)(1e+300)) , -((float)(1e+300)) };
                                                                         ^

<path>/softmax.cu(154): warning #221-D: floating-point value does not fit in required floating-point type
      float     local_vals[n_elem_per_thread] = { -((float)(1e+300)) , -((float)(1e+300)) , -((float)(1e+300)) , -((float)(1e+300)) };
                                                                                              ^

<path>/softmax.cu(154): warning #221-D: floating-point value does not fit in required floating-point type
      float     local_vals[n_elem_per_thread] = { -((float)(1e+300)) , -((float)(1e+300)) , -((float)(1e+300)) , -((float)(1e+300)) };
                                                                                                                   ^

<path>/softmax.cu(155): warning #221-D: floating-point value does not fit in required floating-point type
      float     local_max                     = -((float)(1e+300)) ;
                                                  ^

<path>/softmax.cu(164): warning #221-D: floating-point value does not fit in required floating-point type
              local_vals[i] = idx < p.ncols ? x[idx] : -((float)(1e+300)) ;
                                                         ^

<path>/softmax.cu(187): warning #221-D: floating-point value does not fit in required floating-point type
          local_max = -((float)(1e+300)) ;
                        ^

<path>/softmax.cu(197): warning #221-D: floating-point value does not fit in required floating-point type
              local_vals[i] = idx < p.ncols ? x[idx] : -((float)(1e+300)) ;
                                                         ^

<path>/softmax.cu(233): warning #221-D: floating-point value does not fit in required floating-point type
              local_vals[i] = idx < p.ncols ? dst[idx] : -((float)(1e+300)) ;
                                                           ^

<path>/softmax.cu(154): warning #221-D: floating-point value does not fit in required floating-point type
      float     local_vals[n_elem_per_thread] = { -((float)(1e+300)) , -((float)(1e+300)) , -((float)(1e+300)) , -((float)(1e+300)) };
                                                    ^

Remark: The warnings can be suppressed with "-diag-suppress <warning-number>"

<path>/softmax.cu(154): warning #221-D: floating-point value does not fit in required floating-point type
      float     local_vals[n_elem_per_thread] = { -((float)(1e+300)) , -((float)(1e+300)) , -((float)(1e+300)) , -((float)(1e+300)) };
                                                                         ^

<path>/softmax.cu(154): warning #221-D: floating-point value does not fit in required floating-point type
      float     local_vals[n_elem_per_thread] = { -((float)(1e+300)) , -((float)(1e+300)) , -((float)(1e+300)) , -((float)(1e+300)) };
                                                                                              ^

<path>/softmax.cu(154): warning #221-D: floating-point value does not fit in required floating-point type
      float     local_vals[n_elem_per_thread] = { -((float)(1e+300)) , -((float)(1e+300)) , -((float)(1e+300)) , -((float)(1e+300)) };
                                                                                                                   ^

<path>/softmax.cu(155): warning #221-D: floating-point value does not fit in required floating-point type
      float     local_max                     = -((float)(1e+300)) ;
                                                  ^

<path>/softmax.cu(164): warning #221-D: floating-point value does not fit in required floating-point type
              local_vals[i] = idx < p.ncols ? x[idx] : -((float)(1e+300)) ;
                                                         ^

<path>/softmax.cu(187): warning #221-D: floating-point value does not fit in required floating-point type
          local_max = -((float)(1e+300)) ;
                        ^

<path>/softmax.cu(197): warning #221-D: floating-point value does not fit in required floating-point type
              local_vals[i] = idx < p.ncols ? x[idx] : -((float)(1e+300)) ;
                                                         ^

<path>/softmax.cu(233): warning #221-D: floating-point value does not fit in required floating-point type
              local_vals[i] = idx < p.ncols ? dst[idx] : -((float)(1e+300)) ;
                                                           ^

<path>/common.cuh(611): warning #221-D: floating-point value does not fit in required floating-point type
              return -((float)(1e+300)) ;
                       ^
          detected during:
            instantiation of "T block_reduce_policy<block_reduce_method::MAX, T>::sentinel() [with T=float]" at line 632
            instantiation of "T block_reduce<reduce_method_t,block_size_template,T>(T, T *) [with reduce_method_t=block_reduce_method::MAX, block_size_template=0U, T=float]" at line 174 of <path>/softmax.cu

<path>/softmax.cu(85): warning #221-D: floating-point value does not fit in required floating-point type
      float max_val = sinks ? sinks[i02] : -((float)(1e+300)) ;
                                             ^
          detected during:
            instantiation of "void soft_max_f32<use_shared,ncols_template,block_size_template,T>(const float *, const T *, const float *, float *, soft_max_params) [with use_shared=true, ncols_template=32, block_size_template=32, T=half]" at line 284
            instantiation of function "lambda [](auto)->__nv_bool [with <auto-1>=std::integral_constant<int, 32>]" at line 293
            instantiation of "void launch_soft_max_kernels<Ns...,T>(const float *, const T *, const float *, float *, const soft_max_params &, cudaStream_t, dim3, dim3, size_t) [with Ns=<32, 64, 128, 256, 512, 1024, 2048, 4096>, T=half]" at line 342
            instantiation of "void soft_max_f32_cuda(const float *, const T *, const float *, float *, const soft_max_params &, cudaStream_t, ggml_backend_cuda_context &) [with T=half]" at line 440

<path>/softmax.cu(85): warning #221-D: floating-point value does not fit in required floating-point type
      float max_val = sinks ? sinks[i02] : -((float)(1e+300)) ;
                                             ^
          detected during:
            instantiation of "void soft_max_f32<use_shared,ncols_template,block_size_template,T>(const float *, const T *, const float *, float *, soft_max_params) [with use_shared=true, ncols_template=64, block_size_template=64, T=half]" at line 284
            instantiation of function "lambda [](auto)->__nv_bool [with <auto-1>=std::integral_constant<int, 64>]" at line 293
            instantiation of "void launch_soft_max_kernels<Ns...,T>(const float *, const T *, const float *, float *, const soft_max_params &, cudaStream_t, dim3, dim3, size_t) [with Ns=<32, 64, 128, 256, 512, 1024, 2048, 4096>, T=half]" at line 342
            instantiation of "void soft_max_f32_cuda(const float *, const T *, const float *, float *, const soft_max_params &, cudaStream_t, ggml_backend_cuda_context &) [with T=half]" at line 440

<path>/softmax.cu(85): warning #221-D: floating-point value does not fit in required floating-point type
      float max_val = sinks ? sinks[i02] : -((float)(1e+300)) ;
                                             ^
          detected during:
            instantiation of "void soft_max_f32<use_shared,ncols_template,block_size_template,T>(const float *, const T *, const float *, float *, soft_max_params) [with use_shared=true, ncols_template=128, block_size_template=128, T=half]" at line 284
            instantiation of function "lambda [](auto)->__nv_bool [with <auto-1>=std::integral_constant<int, 128>]" at line 293
            instantiation of "void launch_soft_max_kernels<Ns...,T>(const float *, const T *, const float *, float *, const soft_max_params &, cudaStream_t, dim3, dim3, size_t) [with Ns=<32, 64, 128, 256, 512, 1024, 2048, 4096>, T=half]" at line 342
            instantiation of "void soft_max_f32_cuda(const float *, const T *, const float *, float *, const soft_max_params &, cudaStream_t, ggml_backend_cuda_context &) [with T=half]" at line 440

<path>/softmax.cu(85): warning #221-D: floating-point value does not fit in required floating-point type
      float max_val = sinks ? sinks[i02] : -((float)(1e+300)) ;
                                             ^
          detected during:
            instantiation of "void soft_max_f32<use_shared,ncols_template,block_size_template,T>(const float *, const T *, const float *, float *, soft_max_params) [with use_shared=true, ncols_template=256, block_size_template=256, T=half]" at line 284
            instantiation of function "lambda [](auto)->__nv_bool [with <auto-1>=std::integral_constant<int, 256>]" at line 293
            instantiation of "void launch_soft_max_kernels<Ns...,T>(const float *, const T *, const float *, float *, const soft_max_params &, cudaStream_t, dim3, dim3, size_t) [with Ns=<32, 64, 128, 256, 512, 1024, 2048, 4096>, T=half]" at line 342
            instantiation of "void soft_max_f32_cuda(const float *, const T *, const float *, float *, const soft_max_params &, cudaStream_t, ggml_backend_cuda_context &) [with T=half]" at line 440

<path>/softmax.cu(85): warning #221-D: floating-point value does not fit in required floating-point type
      float max_val = sinks ? sinks[i02] : -((float)(1e+300)) ;
                                             ^
          detected during:
            instantiation of "void soft_max_f32<use_shared,ncols_template,block_size_template,T>(const float *, const T *, const float *, float *, soft_max_params) [with use_shared=true, ncols_template=512, block_size_template=512, T=half]" at line 284
            instantiation of function "lambda [](auto)->__nv_bool [with <auto-1>=std::integral_constant<int, 512>]" at line 293
            instantiation of "void launch_soft_max_kernels<Ns...,T>(const float *, const T *, const float *, float *, const soft_max_params &, cudaStream_t, dim3, dim3, size_t) [with Ns=<32, 64, 128, 256, 512, 1024, 2048, 4096>, T=half]" at line 342
            instantiation of "void soft_max_f32_cuda(const float *, const T *, const float *, float *, const soft_max_params &, cudaStream_t, ggml_backend_cuda_context &) [with T=half]" at line 440

<path>/softmax.cu(85): warning #221-D: floating-point value does not fit in required floating-point type
      float max_val = sinks ? sinks[i02] : -((float)(1e+300)) ;
                                             ^
          detected during:
            instantiation of "void soft_max_f32<use_shared,ncols_template,block_size_template,T>(const float *, const T *, const float *, float *, soft_max_params) [with use_shared=true, ncols_template=1024, block_size_template=1024, T=half]" at line 284
            instantiation of function "lambda [](auto)->__nv_bool [with <auto-1>=std::integral_constant<int, 1024>]" at line 293
            instantiation of "void launch_soft_max_kernels<Ns...,T>(const float *, const T *, const float *, float *, const soft_max_params &, cudaStream_t, dim3, dim3, size_t) [with Ns=<32, 64, 128, 256, 512, 1024, 2048, 4096>, T=half]" at line 342
            instantiation of "void soft_max_f32_cuda(const float *, const T *, const float *, float *, const soft_max_params &, cudaStream_t, ggml_backend_cuda_context &) [with T=half]" at line 440

<path>/softmax.cu(85): warning #221-D: floating-point value does not fit in required floating-point type
      float max_val = sinks ? sinks[i02] : -((float)(1e+300)) ;
                                             ^
          detected during:
            instantiation of "void soft_max_f32<use_shared,ncols_template,block_size_template,T>(const float *, const T *, const float *, float *, soft_max_params) [with use_shared=true, ncols_template=2048, block_size_template=1024, T=half]" at line 284
            instantiation of function "lambda [](auto)->__nv_bool [with <auto-1>=std::integral_constant<int, 2048>]" at line 293
            instantiation of "void launch_soft_max_kernels<Ns...,T>(const float *, const T *, const float *, float *, const soft_max_params &, cudaStream_t, dim3, dim3, size_t) [with Ns=<32, 64, 128, 256, 512, 1024, 2048, 4096>, T=half]" at line 342
            instantiation of "void soft_max_f32_cuda(const float *, const T *, const float *, float *, const soft_max_params &, cudaStream_t, ggml_backend_cuda_context &) [with T=half]" at line 440

<path>/softmax.cu(85): warning #221-D: floating-point value does not fit in required floating-point type
      float max_val = sinks ? sinks[i02] : -((float)(1e+300)) ;
                                             ^
          detected during:
            instantiation of "void soft_max_f32<use_shared,ncols_template,block_size_template,T>(const float *, const T *, const float *, float *, soft_max_params) [with use_shared=true, ncols_template=4096, block_size_template=1024, T=half]" at line 284
            instantiation of function "lambda [](auto)->__nv_bool [with <auto-1>=std::integral_constant<int, 4096>]" at line 293
            instantiation of "void launch_soft_max_kernels<Ns...,T>(const float *, const T *, const float *, float *, const soft_max_params &, cudaStream_t, dim3, dim3, size_t) [with Ns=<32, 64, 128, 256, 512, 1024, 2048, 4096>, T=half]" at line 342
            instantiation of "void soft_max_f32_cuda(const float *, const T *, const float *, float *, const soft_max_params &, cudaStream_t, ggml_backend_cuda_context &) [with T=half]" at line 440

<path>/softmax.cu(85): warning #221-D: floating-point value does not fit in required floating-point type
      float max_val = sinks ? sinks[i02] : -((float)(1e+300)) ;
                                             ^
          detected during:
            instantiation of "void soft_max_f32<use_shared,ncols_template,block_size_template,T>(const float *, const T *, const float *, float *, soft_max_params) [with use_shared=true, ncols_template=0, block_size_template=0, T=half]" at line 298
            instantiation of "void launch_soft_max_kernels<Ns...,T>(const float *, const T *, const float *, float *, const soft_max_params &, cudaStream_t, dim3, dim3, size_t) [with Ns=<32, 64, 128, 256, 512, 1024, 2048, 4096>, T=half]" at line 342
            instantiation of "void soft_max_f32_cuda(const float *, const T *, const float *, float *, const soft_max_params &, cudaStream_t, ggml_backend_cuda_context &) [with T=half]" at line 440

<path>/softmax.cu(85): warning #221-D: floating-point value does not fit in required floating-point type
      float max_val = sinks ? sinks[i02] : -((float)(1e+300)) ;
                                             ^
          detected during:
            instantiation of "void soft_max_f32<use_shared,ncols_template,block_size_template,T>(const float *, const T *, const float *, float *, soft_max_params) [with use_shared=false, ncols_template=0, block_size_template=0, T=half]" at line 361
            instantiation of "void soft_max_f32_cuda(const float *, const T *, const float *, float *, const soft_max_params &, cudaStream_t, ggml_backend_cuda_context &) [with T=half]" at line 440

<path>/softmax.cu(85): warning #221-D: floating-point value does not fit in required floating-point type
      float max_val = sinks ? sinks[i02] : -((float)(1e+300)) ;
                                             ^
          detected during:
            instantiation of "void soft_max_f32<use_shared,ncols_template,block_size_template,T>(const float *, const T *, const float *, float *, soft_max_params) [with use_shared=true, ncols_template=32, block_size_template=32, T=float]" at line 284
            instantiation of function "lambda [](auto)->__nv_bool [with <auto-1>=std::integral_constant<int, 32>]" at line 293
            instantiation of "void launch_soft_max_kernels<Ns...,T>(const float *, const T *, const float *, float *, const soft_max_params &, cudaStream_t, dim3, dim3, size_t) [with Ns=<32, 64, 128, 256, 512, 1024, 2048, 4096>, T=float]" at line 342
            instantiation of "void soft_max_f32_cuda(const float *, const T *, const float *, float *, const soft_max_params &, cudaStream_t, ggml_backend_cuda_context &) [with T=float]" at line 442

<path>/softmax.cu(85): warning #221-D: floating-point value does not fit in required floating-point type
      float max_val = sinks ? sinks[i02] : -((float)(1e+300)) ;
                                             ^
          detected during:
            instantiation of "void soft_max_f32<use_shared,ncols_template,block_size_template,T>(const float *, const T *, const float *, float *, soft_max_params) [with use_shared=true, ncols_template=64, block_size_template=64, T=float]" at line 284
            instantiation of function "lambda [](auto)->__nv_bool [with <auto-1>=std::integral_constant<int, 64>]" at line 293
            instantiation of "void launch_soft_max_kernels<Ns...,T>(const float *, const T *, const float *, float *, const soft_max_params &, cudaStream_t, dim3, dim3, size_t) [with Ns=<32, 64, 128, 256, 512, 1024, 2048, 4096>, T=float]" at line 342
            instantiation of "void soft_max_f32_cuda(const float *, const T *, const float *, float *, const soft_max_params &, cudaStream_t, ggml_backend_cuda_context &) [with T=float]" at line 442

<path>/softmax.cu(85): warning #221-D: floating-point value does not fit in required floating-point type
      float max_val = sinks ? sinks[i02] : -((float)(1e+300)) ;
                                             ^
          detected during:
            instantiation of "void soft_max_f32<use_shared,ncols_template,block_size_template,T>(const float *, const T *, const float *, float *, soft_max_params) [with use_shared=true, ncols_template=128, block_size_template=128, T=float]" at line 284
            instantiation of function "lambda [](auto)->__nv_bool [with <auto-1>=std::integral_constant<int, 128>]" at line 293
            instantiation of "void launch_soft_max_kernels<Ns...,T>(const float *, const T *, const float *, float *, const soft_max_params &, cudaStream_t, dim3, dim3, size_t) [with Ns=<32, 64, 128, 256, 512, 1024, 2048, 4096>, T=float]" at line 342
            instantiation of "void soft_max_f32_cuda(const float *, const T *, const float *, float *, const soft_max_params &, cudaStream_t, ggml_backend_cuda_context &) [with T=float]" at line 442

<path>/softmax.cu(85): warning #221-D: floating-point value does not fit in required floating-point type
      float max_val = sinks ? sinks[i02] : -((float)(1e+300)) ;
                                             ^
          detected during:
            instantiation of "void soft_max_f32<use_shared,ncols_template,block_size_template,T>(const float *, const T *, const float *, float *, soft_max_params) [with use_shared=true, ncols_template=256, block_size_template=256, T=float]" at line 284
            instantiation of function "lambda [](auto)->__nv_bool [with <auto-1>=std::integral_constant<int, 256>]" at line 293
            instantiation of "void launch_soft_max_kernels<Ns...,T>(const float *, const T *, const float *, float *, const soft_max_params &, cudaStream_t, dim3, dim3, size_t) [with Ns=<32, 64, 128, 256, 512, 1024, 2048, 4096>, T=float]" at line 342
            instantiation of "void soft_max_f32_cuda(const float *, const T *, const float *, float *, const soft_max_params &, cudaStream_t, ggml_backend_cuda_context &) [with T=float]" at line 442

<path>/softmax.cu(85): warning #221-D: floating-point value does not fit in required floating-point type
      float max_val = sinks ? sinks[i02] : -((float)(1e+300)) ;
                                             ^
          detected during:
            instantiation of "void soft_max_f32<use_shared,ncols_template,block_size_template,T>(const float *, const T *, const float *, float *, soft_max_params) [with use_shared=true, ncols_template=512, block_size_template=512, T=float]" at line 284
            instantiation of function "lambda [](auto)->__nv_bool [with <auto-1>=std::integral_constant<int, 512>]" at line 293
            instantiation of "void launch_soft_max_kernels<Ns...,T>(const float *, const T *, const float *, float *, const soft_max_params &, cudaStream_t, dim3, dim3, size_t) [with Ns=<32, 64, 128, 256, 512, 1024, 2048, 4096>, T=float]" at line 342
            instantiation of "void soft_max_f32_cuda(const float *, const T *, const float *, float *, const soft_max_params &, cudaStream_t, ggml_backend_cuda_context &) [with T=float]" at line 442

<path>/softmax.cu(85): warning #221-D: floating-point value does not fit in required floating-point type
      float max_val = sinks ? sinks[i02] : -((float)(1e+300)) ;
                                             ^
          detected during:
            instantiation of "void soft_max_f32<use_shared,ncols_template,block_size_template,T>(const float *, const T *, const float *, float *, soft_max_params) [with use_shared=true, ncols_template=1024, block_size_template=1024, T=float]" at line 284
            instantiation of function "lambda [](auto)->__nv_bool [with <auto-1>=std::integral_constant<int, 1024>]" at line 293
            instantiation of "void launch_soft_max_kernels<Ns...,T>(const float *, const T *, const float *, float *, const soft_max_params &, cudaStream_t, dim3, dim3, size_t) [with Ns=<32, 64, 128, 256, 512, 1024, 2048, 4096>, T=float]" at line 342
            instantiation of "void soft_max_f32_cuda(const float *, const T *, const float *, float *, const soft_max_params &, cudaStream_t, ggml_backend_cuda_context &) [with T=float]" at line 442

<path>/softmax.cu(85): warning #221-D: floating-point value does not fit in required floating-point type
      float max_val = sinks ? sinks[i02] : -((float)(1e+300)) ;
                                             ^
          detected during:
            instantiation of "void soft_max_f32<use_shared,ncols_template,block_size_template,T>(const float *, const T *, const float *, float *, soft_max_params) [with use_shared=true, ncols_template=2048, block_size_template=1024, T=float]" at line 284
            instantiation of function "lambda [](auto)->__nv_bool [with <auto-1>=std::integral_constant<int, 2048>]" at line 293
            instantiation of "void launch_soft_max_kernels<Ns...,T>(const float *, const T *, const float *, float *, const soft_max_params &, cudaStream_t, dim3, dim3, size_t) [with Ns=<32, 64, 128, 256, 512, 1024, 2048, 4096>, T=float]" at line 342
            instantiation of "void soft_max_f32_cuda(const float *, const T *, const float *, float *, const soft_max_params &, cudaStream_t, ggml_backend_cuda_context &) [with T=float]" at line 442

<path>/softmax.cu(85): warning #221-D: floating-point value does not fit in required floating-point type
      float max_val = sinks ? sinks[i02] : -((float)(1e+300)) ;
                                             ^
          detected during:
            instantiation of "void soft_max_f32<use_shared,ncols_template,block_size_template,T>(const float *, const T *, const float *, float *, soft_max_params) [with use_shared=true, ncols_template=4096, block_size_template=1024, T=float]" at line 284
            instantiation of function "lambda [](auto)->__nv_bool [with <auto-1>=std::integral_constant<int, 4096>]" at line 293
            instantiation of "void launch_soft_max_kernels<Ns...,T>(const float *, const T *, const float *, float *, const soft_max_params &, cudaStream_t, dim3, dim3, size_t) [with Ns=<32, 64, 128, 256, 512, 1024, 2048, 4096>, T=float]" at line 342
            instantiation of "void soft_max_f32_cuda(const float *, const T *, const float *, float *, const soft_max_params &, cudaStream_t, ggml_backend_cuda_context &) [with T=float]" at line 442

<path>/softmax.cu(85): warning #221-D: floating-point value does not fit in required floating-point type
      float max_val = sinks ? sinks[i02] : -((float)(1e+300)) ;
                                             ^
          detected during:
            instantiation of "void soft_max_f32<use_shared,ncols_template,block_size_template,T>(const float *, const T *, const float *, float *, soft_max_params) [with use_shared=true, ncols_template=0, block_size_template=0, T=float]" at line 298
            instantiation of "void launch_soft_max_kernels<Ns...,T>(const float *, const T *, const float *, float *, const soft_max_params &, cudaStream_t, dim3, dim3, size_t) [with Ns=<32, 64, 128, 256, 512, 1024, 2048, 4096>, T=float]" at line 342
            instantiation of "void soft_max_f32_cuda(const float *, const T *, const float *, float *, const soft_max_params &, cudaStream_t, ggml_backend_cuda_context &) [with T=float]" at line 442

<path>/softmax.cu(85): warning #221-D: floating-point value does not fit in required floating-point type
      float max_val = sinks ? sinks[i02] : -((float)(1e+300)) ;
                                             ^
          detected during:
            instantiation of "void soft_max_f32<use_shared,ncols_template,block_size_template,T>(const float *, const T *, const float *, float *, soft_max_params) [with use_shared=false, ncols_template=0, block_size_template=0, T=float]" at line 361
            instantiation of "void soft_max_f32_cuda(const float *, const T *, const float *, float *, const soft_max_params &, cudaStream_t, ggml_backend_cuda_context &) [with T=float]" at line 442

softmax.cu
tmpxft_0001a5e8_00000000-7_softmax.cudafe1.cpp
[82/339] Building CUDA object ggml\src\ggml-cuda\CMakeFiles\ggml-cuda.dir\cumsum.cu.obj
<path>/common.cuh(611): warning #221-D: floating-point value does not fit in required floating-point type
              return -((float)(1e+300)) ;
                       ^

Remark: The warnings can be suppressed with "-diag-suppress <warning-number>"

<path>/common.cuh(613): warning #221-D: floating-point value does not fit in required floating-point type
              return make_half2(-((float)(1e+300)) , -((float)(1e+300)) );
                                  ^

<path>/common.cuh(613): warning #221-D: floating-point value does not fit in required floating-point type
              return make_half2(-((float)(1e+300)) , -((float)(1e+300)) );
                                                       ^

cumsum.cu
tmpxft_00018848_00000000-7_cumsum.cudafe1.cpp
[83/339] Building CUDA object ggml\src\ggml-cuda\CMakeFiles\ggml-cuda.dir\mmvf.cu.obj
<path>/common.cuh(611): warning #221-D: floating-point value does not fit in required floating-point type
              return -((float)(1e+300)) ;
                       ^

Remark: The warnings can be suppressed with "-diag-suppress <warning-number>"

<path>/common.cuh(613): warning #221-D: floating-point value does not fit in required floating-point type
              return make_half2(-((float)(1e+300)) , -((float)(1e+300)) );
                                  ^

<path>/common.cuh(613): warning #221-D: floating-point value does not fit in required floating-point type
              return make_half2(-((float)(1e+300)) , -((float)(1e+300)) );
                                                       ^

mmvf.cu
tmpxft_00005198_00000000-7_mmvf.cudafe1.cpp
[84/339] Building CUDA object ggml\src\ggml-cuda\CMakeFiles\ggml-cuda.dir\mean.cu.obj
<path>/common.cuh(611): warning #221-D: floating-point value does not fit in required floating-point type
              return -((float)(1e+300)) ;
                       ^

Remark: The warnings can be suppressed with "-diag-suppress <warning-number>"

<path>/common.cuh(613): warning #221-D: floating-point value does not fit in required floating-point type
              return make_half2(-((float)(1e+300)) , -((float)(1e+300)) );
                                  ^

<path>/common.cuh(613): warning #221-D: floating-point value does not fit in required floating-point type
              return make_half2(-((float)(1e+300)) , -((float)(1e+300)) );
                                                       ^

mean.cu
tmpxft_00007f9c_00000000-7_mean.cudafe1.cpp
[85/339] Building CUDA object ggml\src\ggml-cuda\CMakeFiles\ggml-cuda.dir\template-instances\fattn-tile-instance-dkq320-dv256.cu.obj
<path>/common.cuh(611): warning #221-D: floating-point value does not fit in required floating-point type
              return -((float)(1e+300)) ;
                       ^

Remark: The warnings can be suppressed with "-diag-suppress <warning-number>"

<path>/common.cuh(613): warning #221-D: floating-point value does not fit in required floating-point type
              return make_half2(-((float)(1e+300)) , -((float)(1e+300)) );
                                  ^

<path>/common.cuh(613): warning #221-D: floating-point value does not fit in required floating-point type
              return make_half2(-((float)(1e+300)) , -((float)(1e+300)) );
                                                       ^

fattn-tile-instance-dkq320-dv256.cu
tmpxft_00000994_00000000-7_fattn-tile-instance-dkq320-dv256.cudafe1.cpp
[86/339] Building CUDA object ggml\src\ggml-cuda\CMakeFiles\ggml-cuda.dir\template-instances\fattn-tile-instance-dkq192-dv128.cu.obj
<path>/common.cuh(611): warning #221-D: floating-point value does not fit in required floating-point type
              return -((float)(1e+300)) ;
                       ^

Remark: The warnings can be suppressed with "-diag-suppress <warning-number>"

<path>/common.cuh(613): warning #221-D: floating-point value does not fit in required floating-point type
              return make_half2(-((float)(1e+300)) , -((float)(1e+300)) );
                                  ^

<path>/common.cuh(613): warning #221-D: floating-point value does not fit in required floating-point type
              return make_half2(-((float)(1e+300)) , -((float)(1e+300)) );
                                                       ^

fattn-tile-instance-dkq192-dv128.cu
tmpxft_000133dc_00000000-7_fattn-tile-instance-dkq192-dv128.cudafe1.cpp
[87/339] Building CUDA object ggml\src\ggml-cuda\CMakeFiles\ggml-cuda.dir\template-instances\fattn-tile-instance-dkq40-dv40.cu.obj
<path>/common.cuh(611): warning #221-D: floating-point value does not fit in required floating-point type
              return -((float)(1e+300)) ;
                       ^

Remark: The warnings can be suppressed with "-diag-suppress <warning-number>"

<path>/common.cuh(613): warning #221-D: floating-point value does not fit in required floating-point type
              return make_half2(-((float)(1e+300)) , -((float)(1e+300)) );
                                  ^

<path>/common.cuh(613): warning #221-D: floating-point value does not fit in required floating-point type
              return make_half2(-((float)(1e+300)) , -((float)(1e+300)) );
                                                       ^

fattn-tile-instance-dkq40-dv40.cu
tmpxft_000167b4_00000000-7_fattn-tile-instance-dkq40-dv40.cudafe1.cpp
[88/339] Building CUDA object ggml\src\ggml-cuda\CMakeFiles\ggml-cuda.dir\mmvq.cu.obj
<path>/common.cuh(611): warning #221-D: floating-point value does not fit in required floating-point type
              return -((float)(1e+300)) ;
                       ^

Remark: The warnings can be suppressed with "-diag-suppress <warning-number>"

<path>/common.cuh(613): warning #221-D: floating-point value does not fit in required floating-point type
              return make_half2(-((float)(1e+300)) , -((float)(1e+300)) );
                                  ^

<path>/common.cuh(613): warning #221-D: floating-point value does not fit in required floating-point type
              return make_half2(-((float)(1e+300)) , -((float)(1e+300)) );
                                                       ^

mmvq.cu
tmpxft_0000c26c_00000000-7_mmvq.cudafe1.cpp
[89/339] Building CUDA object ggml\src\ggml-cuda\CMakeFiles\ggml-cuda.dir\template-instances\fattn-tile-instance-dkq112-dv112.cu.obj
<path>/common.cuh(611): warning #221-D: floating-point value does not fit in required floating-point type
              return -((float)(1e+300)) ;
                       ^

Remark: The warnings can be suppressed with "-diag-suppress <warning-number>"

<path>/common.cuh(613): warning #221-D: floating-point value does not fit in required floating-point type
              return make_half2(-((float)(1e+300)) , -((float)(1e+300)) );
                                  ^

<path>/common.cuh(613): warning #221-D: floating-point value does not fit in required floating-point type
              return make_half2(-((float)(1e+300)) , -((float)(1e+300)) );
                                                       ^

fattn-tile-instance-dkq112-dv112.cu
tmpxft_0000f1cc_00000000-7_fattn-tile-instance-dkq112-dv112.cudafe1.cpp
[90/339] Building CUDA object ggml\src\ggml-cuda\CMakeFiles\ggml-cuda.dir\template-instances\fattn-tile-instance-dkq64-dv64.cu.obj
<path>/common.cuh(611): warning #221-D: floating-point value does not fit in required floating-point type
              return -((float)(1e+300)) ;
                       ^

Remark: The warnings can be suppressed with "-diag-suppress <warning-number>"

<path>/common.cuh(613): warning #221-D: floating-point value does not fit in required floating-point type
              return make_half2(-((float)(1e+300)) , -((float)(1e+300)) );
                                  ^

<path>/common.cuh(613): warning #221-D: floating-point value does not fit in required floating-point type
              return make_half2(-((float)(1e+300)) , -((float)(1e+300)) );
                                                       ^

fattn-tile-instance-dkq64-dv64.cu
tmpxft_000063e8_00000000-7_fattn-tile-instance-dkq64-dv64.cudafe1.cpp
[91/339] Building CUDA object ggml\src\ggml-cuda\CMakeFiles\ggml-cuda.dir\argsort.cu.obj
<path>/common.cuh(611): warning #221-D: floating-point value does not fit in required floating-point type
              return -((float)(1e+300)) ;
                       ^

Remark: The warnings can be suppressed with "-diag-suppress <warning-number>"

<path>/common.cuh(613): warning #221-D: floating-point value does not fit in required floating-point type
              return make_half2(-((float)(1e+300)) , -((float)(1e+300)) );
                                  ^

<path>/common.cuh(613): warning #221-D: floating-point value does not fit in required floating-point type
              return make_half2(-((float)(1e+300)) , -((float)(1e+300)) );
                                                       ^

argsort.cu
tmpxft_00018334_00000000-7_argsort.cudafe1.cpp
[92/339] Building CUDA object ggml\src\ggml-cuda\CMakeFiles\ggml-cuda.dir\template-instances\fattn-mma-f16-instance-ncols1_1-ncols2_16.cu.obj
<path>/common.cuh(611): warning #221-D: floating-point value does not fit in required floating-point type
              return -((float)(1e+300)) ;
                       ^

Remark: The warnings can be suppressed with "-diag-suppress <warning-number>"

<path>/common.cuh(613): warning #221-D: floating-point value does not fit in required floating-point type
              return make_half2(-((float)(1e+300)) , -((float)(1e+300)) );
                                  ^

<path>/common.cuh(613): warning #221-D: floating-point value does not fit in required floating-point type
              return make_half2(-((float)(1e+300)) , -((float)(1e+300)) );
                                                       ^

fattn-mma-f16-instance-ncols1_1-ncols2_16.cu
tmpxft_00014fe8_00000000-7_fattn-mma-f16-instance-ncols1_1-ncols2_16.cudafe1.cpp
[93/339] Building CUDA object ggml\src\ggml-cuda\CMakeFiles\ggml-cuda.dir\ssm-scan.cu.obj
<path>/common.cuh(611): warning #221-D: floating-point value does not fit in required floating-point type
              return -((float)(1e+300)) ;
                       ^

Remark: The warnings can be suppressed with "-diag-suppress <warning-number>"

<path>/common.cuh(613): warning #221-D: floating-point value does not fit in required floating-point type
              return make_half2(-((float)(1e+300)) , -((float)(1e+300)) );
                                  ^

<path>/common.cuh(613): warning #221-D: floating-point value does not fit in required floating-point type
              return make_half2(-((float)(1e+300)) , -((float)(1e+300)) );
                                                       ^

ssm-scan.cu
tmpxft_0000648c_00000000-7_ssm-scan.cudafe1.cpp
[94/339] Building CUDA object ggml\src\ggml-cuda\CMakeFiles\ggml-cuda.dir\sum.cu.obj
<path>/common.cuh(611): warning #221-D: floating-point value does not fit in required floating-point type
              return -((float)(1e+300)) ;
                       ^

Remark: The warnings can be suppressed with "-diag-suppress <warning-number>"

<path>/common.cuh(613): warning #221-D: floating-point value does not fit in required floating-point type
              return make_half2(-((float)(1e+300)) , -((float)(1e+300)) );
                                  ^

<path>/common.cuh(613): warning #221-D: floating-point value does not fit in required floating-point type
              return make_half2(-((float)(1e+300)) , -((float)(1e+300)) );
                                                       ^

sum.cu
tmpxft_000085ac_00000000-7_sum.cudafe1.cpp
[95/339] Building CUDA object ggml\src\ggml-cuda\CMakeFiles\ggml-cuda.dir\template-instances\fattn-tile-instance-dkq512-dv512.cu.obj
<path>/common.cuh(611): warning #221-D: floating-point value does not fit in required floating-point type
              return -((float)(1e+300)) ;
                       ^

Remark: The warnings can be suppressed with "-diag-suppress <warning-number>"

<path>/common.cuh(613): warning #221-D: floating-point value does not fit in required floating-point type
              return make_half2(-((float)(1e+300)) , -((float)(1e+300)) );
                                  ^

<path>/common.cuh(613): warning #221-D: floating-point value does not fit in required floating-point type
              return make_half2(-((float)(1e+300)) , -((float)(1e+300)) );
                                                       ^

fattn-tile-instance-dkq512-dv512.cu
tmpxft_00017c5c_00000000-7_fattn-tile-instance-dkq512-dv512.cudafe1.cpp
[96/339] Building CUDA object ggml\src\ggml-cuda\CMakeFiles\ggml-cuda.dir\template-instances\fattn-tile-instance-dkq72-dv72.cu.obj
<path>/common.cuh(611): warning #221-D: floating-point value does not fit in required floating-point type
              return -((float)(1e+300)) ;
                       ^

Remark: The warnings can be suppressed with "-diag-suppress <warning-number>"

<path>/common.cuh(613): warning #221-D: floating-point value does not fit in required floating-point type
              return make_half2(-((float)(1e+300)) , -((float)(1e+300)) );
                                  ^

<path>/common.cuh(613): warning #221-D: floating-point value does not fit in required floating-point type
              return make_half2(-((float)(1e+300)) , -((float)(1e+300)) );
                                                       ^

fattn-tile-instance-dkq72-dv72.cu
tmpxft_0001b050_00000000-7_fattn-tile-instance-dkq72-dv72.cudafe1.cpp
[97/339] Building CUDA object ggml\src\ggml-cuda\CMakeFiles\ggml-cuda.dir\template-instances\fattn-tile-instance-dkq80-dv80.cu.obj
<path>/common.cuh(611): warning #221-D: floating-point value does not fit in required floating-point type
              return -((float)(1e+300)) ;
                       ^

Remark: The warnings can be suppressed with "-diag-suppress <warning-number>"

<path>/common.cuh(613): warning #221-D: floating-point value does not fit in required floating-point type
              return make_half2(-((float)(1e+300)) , -((float)(1e+300)) );
                                  ^

<path>/common.cuh(613): warning #221-D: floating-point value does not fit in required floating-point type
              return make_half2(-((float)(1e+300)) , -((float)(1e+300)) );
                                                       ^

fattn-tile-instance-dkq80-dv80.cu
tmpxft_0001aac8_00000000-7_fattn-tile-instance-dkq80-dv80.cudafe1.cpp
[98/339] Building CUDA object ggml\src\ggml-cuda\CMakeFiles\ggml-cuda.dir\template-instances\fattn-tile-instance-dkq128-dv128.cu.obj
<path>/common.cuh(611): warning #221-D: floating-point value does not fit in required floating-point type
              return -((float)(1e+300)) ;
                       ^

Remark: The warnings can be suppressed with "-diag-suppress <warning-number>"

<path>/common.cuh(613): warning #221-D: floating-point value does not fit in required floating-point type
              return make_half2(-((float)(1e+300)) , -((float)(1e+300)) );
                                  ^

<path>/common.cuh(613): warning #221-D: floating-point value does not fit in required floating-point type
              return make_half2(-((float)(1e+300)) , -((float)(1e+300)) );
                                                       ^

fattn-tile-instance-dkq128-dv128.cu
tmpxft_00009a0c_00000000-7_fattn-tile-instance-dkq128-dv128.cudafe1.cpp
[99/339] Building CUDA object ggml\src\ggml-cuda\CMakeFiles\ggml-cuda.dir\top-k.cu.obj
<path>/common.cuh(611): warning #221-D: floating-point value does not fit in required floating-point type
              return -((float)(1e+300)) ;
                       ^

Remark: The warnings can be suppressed with "-diag-suppress <warning-number>"

<path>/common.cuh(613): warning #221-D: floating-point value does not fit in required floating-point type
              return make_half2(-((float)(1e+300)) , -((float)(1e+300)) );
                                  ^

<path>/common.cuh(613): warning #221-D: floating-point value does not fit in required floating-point type
              return make_half2(-((float)(1e+300)) , -((float)(1e+300)) );
                                                       ^

top-k.cu
tmpxft_00019138_00000000-7_top-k.cudafe1.cpp
[100/339] Building CUDA object ggml\src\ggml-cuda\CMakeFiles\ggml-cuda.dir\template-instances\fattn-tile-instance-dkq576-dv512.cu.obj
<path>/common.cuh(611): warning #221-D: floating-point value does not fit in required floating-point type
              return -((float)(1e+300)) ;
                       ^

Remark: The warnings can be suppressed with "-diag-suppress <warning-number>"

<path>/common.cuh(613): warning #221-D: floating-point value does not fit in required floating-point type
              return make_half2(-((float)(1e+300)) , -((float)(1e+300)) );
                                  ^

<path>/common.cuh(613): warning #221-D: floating-point value does not fit in required floating-point type
              return make_half2(-((float)(1e+300)) , -((float)(1e+300)) );
                                                       ^

fattn-tile-instance-dkq576-dv512.cu
tmpxft_0001b814_00000000-7_fattn-tile-instance-dkq576-dv512.cudafe1.cpp
[101/339] Building CUDA object ggml\src\ggml-cuda\CMakeFiles\ggml-cuda.dir\template-instances\fattn-mma-f16-instance-ncols1_1-ncols2_32.cu.obj
<path>/common.cuh(611): warning #221-D: floating-point value does not fit in required floating-point type
              return -((float)(1e+300)) ;
                       ^

Remark: The warnings can be suppressed with "-diag-suppress <warning-number>"

<path>/common.cuh(613): warning #221-D: floating-point value does not fit in required floating-point type
              return make_half2(-((float)(1e+300)) , -((float)(1e+300)) );
                                  ^

<path>/common.cuh(613): warning #221-D: floating-point value does not fit in required floating-point type
              return make_half2(-((float)(1e+300)) , -((float)(1e+300)) );
                                                       ^

fattn-mma-f16-instance-ncols1_1-ncols2_32.cu
tmpxft_00019924_00000000-7_fattn-mma-f16-instance-ncols1_1-ncols2_32.cudafe1.cpp
[102/339] Building CUDA object ggml\src\ggml-cuda\CMakeFiles\ggml-cuda.dir\template-instances\fattn-tile-instance-dkq96-dv96.cu.obj
<path>/common.cuh(611): warning #221-D: floating-point value does not fit in required floating-point type
              return -((float)(1e+300)) ;
                       ^

Remark: The warnings can be suppressed with "-diag-suppress <warning-number>"

<path>/common.cuh(613): warning #221-D: floating-point value does not fit in required floating-point type
              return make_half2(-((float)(1e+300)) , -((float)(1e+300)) );
                                  ^

<path>/common.cuh(613): warning #221-D: floating-point value does not fit in required floating-point type
              return make_half2(-((float)(1e+300)) , -((float)(1e+300)) );
                                                       ^

fattn-tile-instance-dkq96-dv96.cu
tmpxft_00018084_00000000-7_fattn-tile-instance-dkq96-dv96.cudafe1.cpp
[103/339] Building CUDA object ggml\src\ggml-cuda\CMakeFiles\ggml-cuda.dir\template-instances\fattn-mma-f16-instance-ncols1_2-ncols2_16.cu.obj
<path>/common.cuh(611): warning #221-D: floating-point value does not fit in required floating-point type
              return -((float)(1e+300)) ;
                       ^

Remark: The warnings can be suppressed with "-diag-suppress <warning-number>"

<path>/common.cuh(613): warning #221-D: floating-point value does not fit in required floating-point type
              return make_half2(-((float)(1e+300)) , -((float)(1e+300)) );
                                  ^

<path>/common.cuh(613): warning #221-D: floating-point value does not fit in required floating-point type
              return make_half2(-((float)(1e+300)) , -((float)(1e+300)) );
                                                       ^

fattn-mma-f16-instance-ncols1_2-ncols2_16.cu
tmpxft_000177f4_00000000-7_fattn-mma-f16-instance-ncols1_2-ncols2_16.cudafe1.cpp
[104/339] Building CUDA object ggml\src\ggml-cuda\CMakeFiles\ggml-cuda.dir\template-instances\fattn-mma-f16-instance-ncols1_2-ncols2_32.cu.obj
<path>/common.cuh(611): warning #221-D: floating-point value does not fit in required floating-point type
              return -((float)(1e+300)) ;
                       ^

Remark: The warnings can be suppressed with "-diag-suppress <warning-number>"

<path>/common.cuh(613): warning #221-D: floating-point value does not fit in required floating-point type
              return make_half2(-((float)(1e+300)) , -((float)(1e+300)) );
                                  ^

<path>/common.cuh(613): warning #221-D: floating-point value does not fit in required floating-point type
              return make_half2(-((float)(1e+300)) , -((float)(1e+300)) );
                                                       ^

fattn-mma-f16-instance-ncols1_2-ncols2_32.cu
tmpxft_000062b4_00000000-7_fattn-mma-f16-instance-ncols1_2-ncols2_32.cudafe1.cpp
[105/339] Building CUDA object ggml\src\ggml-cuda\CMakeFiles\ggml-cuda.dir\template-instances\fattn-mma-f16-instance-ncols1_4-ncols2_16.cu.obj
<path>/common.cuh(611): warning #221-D: floating-point value does not fit in required floating-point type
              return -((float)(1e+300)) ;
                       ^

Remark: The warnings can be suppressed with "-diag-suppress <warning-number>"

<path>/common.cuh(613): warning #221-D: floating-point value does not fit in required floating-point type
              return make_half2(-((float)(1e+300)) , -((float)(1e+300)) );
                                  ^

<path>/common.cuh(613): warning #221-D: floating-point value does not fit in required floating-point type
              return make_half2(-((float)(1e+300)) , -((float)(1e+300)) );
                                                       ^

fattn-mma-f16-instance-ncols1_4-ncols2_16.cu
tmpxft_00006e24_00000000-7_fattn-mma-f16-instance-ncols1_4-ncols2_16.cudafe1.cpp
[106/339] Building CUDA object ggml\src\ggml-cuda\CMakeFiles\ggml-cuda.dir\mmq.cu.obj
<path>/common.cuh(611): warning #221-D: floating-point value does not fit in required floating-point type
              return -((float)(1e+300)) ;
                       ^

Remark: The warnings can be suppressed with "-diag-suppress <warning-number>"

<path>/common.cuh(613): warning #221-D: floating-point value does not fit in required floating-point type
              return make_half2(-((float)(1e+300)) , -((float)(1e+300)) );
                                  ^

<path>/common.cuh(613): warning #221-D: floating-point value does not fit in required floating-point type
              return make_half2(-((float)(1e+300)) , -((float)(1e+300)) );
                                                       ^

mmq.cu
tmpxft_00016954_00000000-7_mmq.cudafe1.cpp
[107/339] Building CUDA object ggml\src\ggml-cuda\CMakeFiles\ggml-cuda.dir\template-instances\fattn-mma-f16-instance-ncols1_16-ncols2_2.cu.obj
<path>/common.cuh(611): warning #221-D: floating-point value does not fit in required floating-point type
              return -((float)(1e+300)) ;
                       ^

Remark: The warnings can be suppressed with "-diag-suppress <warning-number>"

<path>/common.cuh(613): warning #221-D: floating-point value does not fit in required floating-point type
              return make_half2(-((float)(1e+300)) , -((float)(1e+300)) );
                                  ^

<path>/common.cuh(613): warning #221-D: floating-point value does not fit in required floating-point type
              return make_half2(-((float)(1e+300)) , -((float)(1e+300)) );
                                                       ^

fattn-mma-f16-instance-ncols1_16-ncols2_2.cu
tmpxft_0000b4ac_00000000-7_fattn-mma-f16-instance-ncols1_16-ncols2_2.cudafe1.cpp
[108/339] Building CUDA object ggml\src\ggml-cuda\CMakeFiles\ggml-cuda.dir\template-instances\fattn-mma-f16-instance-ncols1_1-ncols2_8.cu.obj
<path>/common.cuh(611): warning #221-D: floating-point value does not fit in required floating-point type
              return -((float)(1e+300)) ;
                       ^

Remark: The warnings can be suppressed with "-diag-suppress <warning-number>"

<path>/common.cuh(613): warning #221-D: floating-point value does not fit in required floating-point type
              return make_half2(-((float)(1e+300)) , -((float)(1e+300)) );
                                  ^

<path>/common.cuh(613): warning #221-D: floating-point value does not fit in required floating-point type
              return make_half2(-((float)(1e+300)) , -((float)(1e+300)) );
                                                       ^

fattn-mma-f16-instance-ncols1_1-ncols2_8.cu
tmpxft_000182d0_00000000-7_fattn-mma-f16-instance-ncols1_1-ncols2_8.cudafe1.cpp
[109/339] Building CUDA object ggml\src\ggml-cuda\CMakeFiles\ggml-cuda.dir\template-instances\fattn-mma-f16-instance-ncols1_16-ncols2_1.cu.obj
<path>/common.cuh(611): warning #221-D: floating-point value does not fit in required floating-point type
              return -((float)(1e+300)) ;
                       ^

Remark: The warnings can be suppressed with "-diag-suppress <warning-number>"

<path>/common.cuh(613): warning #221-D: floating-point value does not fit in required floating-point type
              return make_half2(-((float)(1e+300)) , -((float)(1e+300)) );
                                  ^

<path>/common.cuh(613): warning #221-D: floating-point value does not fit in required floating-point type
              return make_half2(-((float)(1e+300)) , -((float)(1e+300)) );
                                                       ^

fattn-mma-f16-instance-ncols1_16-ncols2_1.cu
tmpxft_00019cd0_00000000-7_fattn-mma-f16-instance-ncols1_16-ncols2_1.cudafe1.cpp
[110/339] Building CUDA object ggml\src\ggml-cuda\CMakeFiles\ggml-cuda.dir\template-instances\fattn-mma-f16-instance-ncols1_4-ncols2_2.cu.obj
<path>/common.cuh(611): warning #221-D: floating-point value does not fit in required floating-point type
              return -((float)(1e+300)) ;
                       ^

Remark: The warnings can be suppressed with "-diag-suppress <warning-number>"

<path>/common.cuh(613): warning #221-D: floating-point value does not fit in required floating-point type
              return make_half2(-((float)(1e+300)) , -((float)(1e+300)) );
                                  ^

<path>/common.cuh(613): warning #221-D: floating-point value does not fit in required floating-point type
              return make_half2(-((float)(1e+300)) , -((float)(1e+300)) );
                                                       ^

fattn-mma-f16-instance-ncols1_4-ncols2_2.cu
tmpxft_00014f34_00000000-7_fattn-mma-f16-instance-ncols1_4-ncols2_2.cudafe1.cpp
[111/339] Building CUDA object ggml\src\ggml-cuda\CMakeFiles\ggml-cuda.dir\template-instances\fattn-mma-f16-instance-ncols1_32-ncols2_2.cu.obj
<path>/common.cuh(611): warning #221-D: floating-point value does not fit in required floating-point type
              return -((float)(1e+300)) ;
                       ^

Remark: The warnings can be suppressed with "-diag-suppress <warning-number>"

<path>/common.cuh(613): warning #221-D: floating-point value does not fit in required floating-point type
              return make_half2(-((float)(1e+300)) , -((float)(1e+300)) );
                                  ^

<path>/common.cuh(613): warning #221-D: floating-point value does not fit in required floating-point type
              return make_half2(-((float)(1e+300)) , -((float)(1e+300)) );
                                                       ^

fattn-mma-f16-instance-ncols1_32-ncols2_2.cu
tmpxft_0001157c_00000000-7_fattn-mma-f16-instance-ncols1_32-ncols2_2.cudafe1.cpp
[112/339] Building CUDA object ggml\src\ggml-cuda\CMakeFiles\ggml-cuda.dir\template-instances\fattn-tile-instance-dkq256-dv256.cu.obj
<path>/common.cuh(611): warning #221-D: floating-point value does not fit in required floating-point type
              return -((float)(1e+300)) ;
                       ^

Remark: The warnings can be suppressed with "-diag-suppress <warning-number>"

<path>/common.cuh(613): warning #221-D: floating-point value does not fit in required floating-point type
              return make_half2(-((float)(1e+300)) , -((float)(1e+300)) );
                                  ^

<path>/common.cuh(613): warning #221-D: floating-point value does not fit in required floating-point type
              return make_half2(-((float)(1e+300)) , -((float)(1e+300)) );
                                                       ^

fattn-tile-instance-dkq256-dv256.cu
tmpxft_00011ccc_00000000-7_fattn-tile-instance-dkq256-dv256.cudafe1.cpp
[113/339] Building CUDA object ggml\src\ggml-cuda\CMakeFiles\ggml-cuda.dir\template-instances\fattn-mma-f16-instance-ncols1_2-ncols2_8.cu.obj
<path>/common.cuh(611): warning #221-D: floating-point value does not fit in required floating-point type
              return -((float)(1e+300)) ;
                       ^

Remark: The warnings can be suppressed with "-diag-suppress <warning-number>"

<path>/common.cuh(613): warning #221-D: floating-point value does not fit in required floating-point type
              return make_half2(-((float)(1e+300)) , -((float)(1e+300)) );
                                  ^

<path>/common.cuh(613): warning #221-D: floating-point value does not fit in required floating-point type
              return make_half2(-((float)(1e+300)) , -((float)(1e+300)) );
                                                       ^

fattn-mma-f16-instance-ncols1_2-ncols2_8.cu
tmpxft_00004be0_00000000-7_fattn-mma-f16-instance-ncols1_2-ncols2_8.cudafe1.cpp
[114/339] Building CUDA object ggml\src\ggml-cuda\CMakeFiles\ggml-cuda.dir\template-instances\fattn-mma-f16-instance-ncols1_2-ncols2_4.cu.obj
<path>/common.cuh(611): warning #221-D: floating-point value does not fit in required floating-point type
              return -((float)(1e+300)) ;
                       ^

Remark: The warnings can be suppressed with "-diag-suppress <warning-number>"

<path>/common.cuh(613): warning #221-D: floating-point value does not fit in required floating-point type
              return make_half2(-((float)(1e+300)) , -((float)(1e+300)) );
                                  ^

<path>/common.cuh(613): warning #221-D: floating-point value does not fit in required floating-point type
              return make_half2(-((float)(1e+300)) , -((float)(1e+300)) );
                                                       ^

fattn-mma-f16-instance-ncols1_2-ncols2_4.cu
tmpxft_00014840_00000000-7_fattn-mma-f16-instance-ncols1_2-ncols2_4.cudafe1.cpp
[115/339] Building CUDA object ggml\src\ggml-cuda\CMakeFiles\ggml-cuda.dir\template-instances\fattn-mma-f16-instance-ncols1_32-ncols2_1.cu.obj
<path>/common.cuh(611): warning #221-D: floating-point value does not fit in required floating-point type
              return -((float)(1e+300)) ;
                       ^

Remark: The warnings can be suppressed with "-diag-suppress <warning-number>"

<path>/common.cuh(613): warning #221-D: floating-point value does not fit in required floating-point type
              return make_half2(-((float)(1e+300)) , -((float)(1e+300)) );
                                  ^

<path>/common.cuh(613): warning #221-D: floating-point value does not fit in required floating-point type
              return make_half2(-((float)(1e+300)) , -((float)(1e+300)) );
                                                       ^

fattn-mma-f16-instance-ncols1_32-ncols2_1.cu
tmpxft_00010a54_00000000-7_fattn-mma-f16-instance-ncols1_32-ncols2_1.cudafe1.cpp
[116/339] Building CUDA object ggml\src\ggml-cuda\CMakeFiles\ggml-cuda.dir\template-instances\fattn-mma-f16-instance-ncols1_8-ncols2_2.cu.obj
<path>/common.cuh(611): warning #221-D: floating-point value does not fit in required floating-point type
              return -((float)(1e+300)) ;
                       ^

Remark: The warnings can be suppressed with "-diag-suppress <warning-number>"

<path>/common.cuh(613): warning #221-D: floating-point value does not fit in required floating-point type
              return make_half2(-((float)(1e+300)) , -((float)(1e+300)) );
                                  ^

<path>/common.cuh(613): warning #221-D: floating-point value does not fit in required floating-point type
              return make_half2(-((float)(1e+300)) , -((float)(1e+300)) );
                                                       ^

fattn-mma-f16-instance-ncols1_8-ncols2_2.cu
tmpxft_0000f8dc_00000000-7_fattn-mma-f16-instance-ncols1_8-ncols2_2.cudafe1.cpp
[117/339] Building CUDA object ggml\src\ggml-cuda\CMakeFiles\ggml-cuda.dir\template-instances\fattn-mma-f16-instance-ncols1_16-ncols2_4.cu.obj
<path>/common.cuh(611): warning #221-D: floating-point value does not fit in required floating-point type
              return -((float)(1e+300)) ;
                       ^

Remark: The warnings can be suppressed with "-diag-suppress <warning-number>"

<path>/common.cuh(613): warning #221-D: floating-point value does not fit in required floating-point type
              return make_half2(-((float)(1e+300)) , -((float)(1e+300)) );
                                  ^

<path>/common.cuh(613): warning #221-D: floating-point value does not fit in required floating-point type
              return make_half2(-((float)(1e+300)) , -((float)(1e+300)) );
                                                       ^

fattn-mma-f16-instance-ncols1_16-ncols2_4.cu
tmpxft_00004410_00000000-7_fattn-mma-f16-instance-ncols1_16-ncols2_4.cudafe1.cpp
[118/339] Building CUDA object ggml\src\ggml-cuda\CMakeFiles\ggml-cuda.dir\template-instances\fattn-mma-f16-instance-ncols1_4-ncols2_8.cu.obj
<path>/common.cuh(611): warning #221-D: floating-point value does not fit in required floating-point type
              return -((float)(1e+300)) ;
                       ^

Remark: The warnings can be suppressed with "-diag-suppress <warning-number>"

<path>/common.cuh(613): warning #221-D: floating-point value does not fit in required floating-point type
              return make_half2(-((float)(1e+300)) , -((float)(1e+300)) );
                                  ^

<path>/common.cuh(613): warning #221-D: floating-point value does not fit in required floating-point type
              return make_half2(-((float)(1e+300)) , -((float)(1e+300)) );
                                                       ^

fattn-mma-f16-instance-ncols1_4-ncols2_8.cu
tmpxft_00006340_00000000-7_fattn-mma-f16-instance-ncols1_4-ncols2_8.cudafe1.cpp
[119/339] Building CUDA object ggml\src\ggml-cuda\CMakeFiles\ggml-cuda.dir\template-instances\fattn-mma-f16-instance-ncols1_4-ncols2_4.cu.obj
<path>/common.cuh(611): warning #221-D: floating-point value does not fit in required floating-point type
              return -((float)(1e+300)) ;
                       ^

Remark: The warnings can be suppressed with "-diag-suppress <warning-number>"

<path>/common.cuh(613): warning #221-D: floating-point value does not fit in required floating-point type
              return make_half2(-((float)(1e+300)) , -((float)(1e+300)) );
                                  ^

<path>/common.cuh(613): warning #221-D: floating-point value does not fit in required floating-point type
              return make_half2(-((float)(1e+300)) , -((float)(1e+300)) );
                                                       ^

fattn-mma-f16-instance-ncols1_4-ncols2_4.cu
tmpxft_0000102c_00000000-7_fattn-mma-f16-instance-ncols1_4-ncols2_4.cudafe1.cpp
[120/339] Building CUDA object ggml\src\ggml-cuda\CMakeFiles\ggml-cuda.dir\template-instances\fattn-mma-f16-instance-ncols1_8-ncols2_1.cu.obj
<path>/common.cuh(611): warning #221-D: floating-point value does not fit in required floating-point type
              return -((float)(1e+300)) ;
                       ^

Remark: The warnings can be suppressed with "-diag-suppress <warning-number>"

<path>/common.cuh(613): warning #221-D: floating-point value does not fit in required floating-point type
              return make_half2(-((float)(1e+300)) , -((float)(1e+300)) );
                                  ^

<path>/common.cuh(613): warning #221-D: floating-point value does not fit in required floating-point type
              return make_half2(-((float)(1e+300)) , -((float)(1e+300)) );
                                                       ^

fattn-mma-f16-instance-ncols1_8-ncols2_1.cu
tmpxft_0001a4f0_00000000-7_fattn-mma-f16-instance-ncols1_8-ncols2_1.cudafe1.cpp
[121/339] Building CUDA object ggml\src\ggml-cuda\CMakeFiles\ggml-cuda.dir\template-instances\fattn-mma-f16-instance-ncols1_8-ncols2_4.cu.obj
<path>/common.cuh(611): warning #221-D: floating-point value does not fit in required floating-point type
              return -((float)(1e+300)) ;
                       ^

Remark: The warnings can be suppressed with "-diag-suppress <warning-number>"

<path>/common.cuh(613): warning #221-D: floating-point value does not fit in required floating-point type
              return make_half2(-((float)(1e+300)) , -((float)(1e+300)) );
                                  ^

<path>/common.cuh(613): warning #221-D: floating-point value does not fit in required floating-point type
              return make_half2(-((float)(1e+300)) , -((float)(1e+300)) );
                                                       ^

fattn-mma-f16-instance-ncols1_8-ncols2_4.cu
tmpxft_00019314_00000000-7_fattn-mma-f16-instance-ncols1_8-ncols2_4.cudafe1.cpp
[122/339] Building CUDA object ggml\src\ggml-cuda\CMakeFiles\ggml-cuda.dir\template-instances\fattn-mma-f16-instance-ncols1_64-ncols2_1.cu.obj
<path>/common.cuh(611): warning #221-D: floating-point value does not fit in required floating-point type
              return -((float)(1e+300)) ;
                       ^

Remark: The warnings can be suppressed with "-diag-suppress <warning-number>"

<path>/common.cuh(613): warning #221-D: floating-point value does not fit in required floating-point type
              return make_half2(-((float)(1e+300)) , -((float)(1e+300)) );
                                  ^

<path>/common.cuh(613): warning #221-D: floating-point value does not fit in required floating-point type
              return make_half2(-((float)(1e+300)) , -((float)(1e+300)) );
                                                       ^

fattn-mma-f16-instance-ncols1_64-ncols2_1.cu
tmpxft_00016100_00000000-7_fattn-mma-f16-instance-ncols1_64-ncols2_1.cudafe1.cpp
[123/339] Building CUDA object ggml\src\ggml-cuda\CMakeFiles\ggml-cuda.dir\template-instances\fattn-mma-f16-instance-ncols1_8-ncols2_8.cu.obj
<path>/common.cuh(611): warning #221-D: floating-point value does not fit in required floating-point type
              return -((float)(1e+300)) ;
                       ^

Remark: The warnings can be suppressed with "-diag-suppress <warning-number>"

<path>/common.cuh(613): warning #221-D: floating-point value does not fit in required floating-point type
              return make_half2(-((float)(1e+300)) , -((float)(1e+300)) );
                                  ^

<path>/common.cuh(613): warning #221-D: floating-point value does not fit in required floating-point type
              return make_half2(-((float)(1e+300)) , -((float)(1e+300)) );
                                                       ^

fattn-mma-f16-instance-ncols1_8-ncols2_8.cu
tmpxft_00008470_00000000-7_fattn-mma-f16-instance-ncols1_8-ncols2_8.cudafe1.cpp
[124/339] Building CUDA object ggml\src\ggml-cuda\CMakeFiles\ggml-cuda.dir\template-instances\mmq-instance-iq1_s.cu.obj
<path>/common.cuh(611): warning #221-D: floating-point value does not fit in required floating-point type
              return -((float)(1e+300)) ;
                       ^

Remark: The warnings can be suppressed with "-diag-suppress <warning-number>"

<path>/common.cuh(613): warning #221-D: floating-point value does not fit in required floating-point type
              return make_half2(-((float)(1e+300)) , -((float)(1e+300)) );
                                  ^

<path>/common.cuh(613): warning #221-D: floating-point value does not fit in required floating-point type
              return make_half2(-((float)(1e+300)) , -((float)(1e+300)) );
                                                       ^

mmq-instance-iq1_s.cu
tmpxft_0000c428_00000000-7_mmq-instance-iq1_s.cudafe1.cpp
[125/339] Building CUDA object ggml\src\ggml-cuda\CMakeFiles\ggml-cuda.dir\template-instances\mmq-instance-iq2_xxs.cu.obj
<path>/common.cuh(611): warning #221-D: floating-point value does not fit in required floating-point type
              return -((float)(1e+300)) ;
                       ^

Remark: The warnings can be suppressed with "-diag-suppress <warning-number>"

<path>/common.cuh(613): warning #221-D: floating-point value does not fit in required floating-point type
              return make_half2(-((float)(1e+300)) , -((float)(1e+300)) );
                                  ^

<path>/common.cuh(613): warning #221-D: floating-point value does not fit in required floating-point type
              return make_half2(-((float)(1e+300)) , -((float)(1e+300)) );
                                                       ^

mmq-instance-iq2_xxs.cu
tmpxft_00010130_00000000-7_mmq-instance-iq2_xxs.cudafe1.cpp
[126/339] Building CUDA object ggml\src\ggml-cuda\CMakeFiles\ggml-cuda.dir\template-instances\mmq-instance-nvfp4.cu.obj
<path>/common.cuh(611): warning #221-D: floating-point value does not fit in required floating-point type
              return -((float)(1e+300)) ;
                       ^

Remark: The warnings can be suppressed with "-diag-suppress <warning-number>"

<path>/common.cuh(613): warning #221-D: floating-point value does not fit in required floating-point type
              return make_half2(-((float)(1e+300)) , -((float)(1e+300)) );
                                  ^

<path>/common.cuh(613): warning #221-D: floating-point value does not fit in required floating-point type
              return make_half2(-((float)(1e+300)) , -((float)(1e+300)) );
                                                       ^

mmq-instance-nvfp4.cu
tmpxft_0001c3f0_00000000-7_mmq-instance-nvfp4.cudafe1.cpp
[127/339] Building CUDA object ggml\src\ggml-cuda\CMakeFiles\ggml-cuda.dir\template-instances\mmq-instance-iq2_s.cu.obj
<path>/common.cuh(611): warning #221-D: floating-point value does not fit in required floating-point type
              return -((float)(1e+300)) ;
                       ^

Remark: The warnings can be suppressed with "-diag-suppress <warning-number>"

<path>/common.cuh(613): warning #221-D: floating-point value does not fit in required floating-point type
              return make_half2(-((float)(1e+300)) , -((float)(1e+300)) );
                                  ^

<path>/common.cuh(613): warning #221-D: floating-point value does not fit in required floating-point type
              return make_half2(-((float)(1e+300)) , -((float)(1e+300)) );
                                                       ^

mmq-instance-iq2_s.cu
tmpxft_0001bb70_00000000-7_mmq-instance-iq2_s.cudafe1.cpp
[128/339] Building CUDA object ggml\src\ggml-cuda\CMakeFiles\ggml-cuda.dir\template-instances\mmq-instance-mxfp4.cu.obj
<path>/common.cuh(611): warning #221-D: floating-point value does not fit in required floating-point type
              return -((float)(1e+300)) ;
                       ^

Remark: The warnings can be suppressed with "-diag-suppress <warning-number>"

<path>/common.cuh(613): warning #221-D: floating-point value does not fit in required floating-point type
              return make_half2(-((float)(1e+300)) , -((float)(1e+300)) );
                                  ^

<path>/common.cuh(613): warning #221-D: floating-point value does not fit in required floating-point type
              return make_half2(-((float)(1e+300)) , -((float)(1e+300)) );
                                                       ^

mmq-instance-mxfp4.cu
tmpxft_0001a3a0_00000000-7_mmq-instance-mxfp4.cudafe1.cpp
[129/339] Building CUDA object ggml\src\ggml-cuda\CMakeFiles\ggml-cuda.dir\template-instances\mmq-instance-iq3_s.cu.obj
<path>/common.cuh(611): warning #221-D: floating-point value does not fit in required floating-point type
              return -((float)(1e+300)) ;
                       ^

Remark: The warnings can be suppressed with "-diag-suppress <warning-number>"

<path>/common.cuh(613): warning #221-D: floating-point value does not fit in required floating-point type
              return make_half2(-((float)(1e+300)) , -((float)(1e+300)) );
                                  ^

<path>/common.cuh(613): warning #221-D: floating-point value does not fit in required floating-point type
              return make_half2(-((float)(1e+300)) , -((float)(1e+300)) );
                                                       ^

mmq-instance-iq3_s.cu
tmpxft_0001b210_00000000-7_mmq-instance-iq3_s.cudafe1.cpp
[130/339] Building CUDA object ggml\src\ggml-cuda\CMakeFiles\ggml-cuda.dir\template-instances\mmq-instance-iq3_xxs.cu.obj
<path>/common.cuh(611): warning #221-D: floating-point value does not fit in required floating-point type
              return -((float)(1e+300)) ;
                       ^

Remark: The warnings can be suppressed with "-diag-suppress <warning-number>"

<path>/common.cuh(613): warning #221-D: floating-point value does not fit in required floating-point type
              return make_half2(-((float)(1e+300)) , -((float)(1e+300)) );
                                  ^

<path>/common.cuh(613): warning #221-D: floating-point value does not fit in required floating-point type
              return make_half2(-((float)(1e+300)) , -((float)(1e+300)) );
                                                       ^

mmq-instance-iq3_xxs.cu
tmpxft_00008cf4_00000000-7_mmq-instance-iq3_xxs.cudafe1.cpp
[131/339] Building CUDA object ggml\src\ggml-cuda\CMakeFiles\ggml-cuda.dir\template-instances\mmq-instance-iq2_xs.cu.obj
<path>/common.cuh(611): warning #221-D: floating-point value does not fit in required floating-point type
              return -((float)(1e+300)) ;
                       ^

Remark: The warnings can be suppressed with "-diag-suppress <warning-number>"

<path>/common.cuh(613): warning #221-D: floating-point value does not fit in required floating-point type
              return make_half2(-((float)(1e+300)) , -((float)(1e+300)) );
                                  ^

<path>/common.cuh(613): warning #221-D: floating-point value does not fit in required floating-point type
              return make_half2(-((float)(1e+300)) , -((float)(1e+300)) );
                                                       ^

mmq-instance-iq2_xs.cu
tmpxft_000076fc_00000000-7_mmq-instance-iq2_xs.cudafe1.cpp
[132/339] Building CUDA object ggml\src\ggml-cuda\CMakeFiles\ggml-cuda.dir\template-instances\mmq-instance-iq4_xs.cu.obj
<path>/common.cuh(611): warning #221-D: floating-point value does not fit in required floating-point type
              return -((float)(1e+300)) ;
                       ^

Remark: The warnings can be suppressed with "-diag-suppress <warning-number>"

<path>/common.cuh(613): warning #221-D: floating-point value does not fit in required floating-point type
              return make_half2(-((float)(1e+300)) , -((float)(1e+300)) );
                                  ^

<path>/common.cuh(613): warning #221-D: floating-point value does not fit in required floating-point type
              return make_half2(-((float)(1e+300)) , -((float)(1e+300)) );
                                                       ^

mmq-instance-iq4_xs.cu
tmpxft_0001a810_00000000-7_mmq-instance-iq4_xs.cudafe1.cpp
[133/339] Building CUDA object ggml\src\ggml-cuda\CMakeFiles\ggml-cuda.dir\template-instances\mmq-instance-iq4_nl.cu.obj
<path>/common.cuh(611): warning #221-D: floating-point value does not fit in required floating-point type
              return -((float)(1e+300)) ;
                       ^

Remark: The warnings can be suppressed with "-diag-suppress <warning-number>"

<path>/common.cuh(613): warning #221-D: floating-point value does not fit in required floating-point type
              return make_half2(-((float)(1e+300)) , -((float)(1e+300)) );
                                  ^

<path>/common.cuh(613): warning #221-D: floating-point value does not fit in required floating-point type
              return make_half2(-((float)(1e+300)) , -((float)(1e+300)) );
                                                       ^

mmq-instance-iq4_nl.cu
tmpxft_00011f08_00000000-7_mmq-instance-iq4_nl.cudafe1.cpp
[134/339] Building CUDA object ggml\src\ggml-cuda\CMakeFiles\ggml-cuda.dir\template-instances\mmq-instance-q1_0.cu.obj
<path>/common.cuh(611): warning #221-D: floating-point value does not fit in required floating-point type
              return -((float)(1e+300)) ;
                       ^

Remark: The warnings can be suppressed with "-diag-suppress <warning-number>"

<path>/common.cuh(613): warning #221-D: floating-point value does not fit in required floating-point type
              return make_half2(-((float)(1e+300)) , -((float)(1e+300)) );
                                  ^

<path>/common.cuh(613): warning #221-D: floating-point value does not fit in required floating-point type
              return make_half2(-((float)(1e+300)) , -((float)(1e+300)) );
                                                       ^

mmq-instance-q1_0.cu
tmpxft_0000980c_00000000-7_mmq-instance-q1_0.cudafe1.cpp
[135/339] Building CUDA object ggml\src\ggml-cuda\CMakeFiles\ggml-cuda.dir\template-instances\mmq-instance-q2_0.cu.obj
<path>/common.cuh(611): warning #221-D: floating-point value does not fit in required floating-point type
              return -((float)(1e+300)) ;
                       ^

Remark: The warnings can be suppressed with "-diag-suppress <warning-number>"

<path>/common.cuh(613): warning #221-D: floating-point value does not fit in required floating-point type
              return make_half2(-((float)(1e+300)) , -((float)(1e+300)) );
                                  ^

<path>/common.cuh(613): warning #221-D: floating-point value does not fit in required floating-point type
              return make_half2(-((float)(1e+300)) , -((float)(1e+300)) );
                                                       ^

mmq-instance-q2_0.cu
tmpxft_00012e70_00000000-7_mmq-instance-q2_0.cudafe1.cpp
[136/339] Building CUDA object ggml\src\ggml-cuda\CMakeFiles\ggml-cuda.dir\template-instances\mmf-instance-ncols_1.cu.obj
<path>/common.cuh(611): warning #221-D: floating-point value does not fit in required floating-point type
              return -((float)(1e+300)) ;
                       ^

Remark: The warnings can be suppressed with "-diag-suppress <warning-number>"

<path>/common.cuh(613): warning #221-D: floating-point value does not fit in required floating-point type
              return make_half2(-((float)(1e+300)) , -((float)(1e+300)) );
                                  ^

<path>/common.cuh(613): warning #221-D: floating-point value does not fit in required floating-point type
              return make_half2(-((float)(1e+300)) , -((float)(1e+300)) );
                                                       ^

mmf-instance-ncols_1.cu
tmpxft_0000e228_00000000-7_mmf-instance-ncols_1.cudafe1.cpp
[137/339] Building CUDA object ggml\src\ggml-cuda\CMakeFiles\ggml-cuda.dir\template-instances\mmq-instance-q4_0.cu.obj
<path>/common.cuh(611): warning #221-D: floating-point value does not fit in required floating-point type
              return -((float)(1e+300)) ;
                       ^

Remark: The warnings can be suppressed with "-diag-suppress <warning-number>"

<path>/common.cuh(613): warning #221-D: floating-point value does not fit in required floating-point type
              return make_half2(-((float)(1e+300)) , -((float)(1e+300)) );
                                  ^

<path>/common.cuh(613): warning #221-D: floating-point value does not fit in required floating-point type
              return make_half2(-((float)(1e+300)) , -((float)(1e+300)) );
                                                       ^

mmq-instance-q4_0.cu
tmpxft_000083cc_00000000-7_mmq-instance-q4_0.cudafe1.cpp
[138/339] Building CUDA object ggml\src\ggml-cuda\CMakeFiles\ggml-cuda.dir\template-instances\mmq-instance-q3_k.cu.obj
<path>/common.cuh(611): warning #221-D: floating-point value does not fit in required floating-point type
              return -((float)(1e+300)) ;
                       ^

Remark: The warnings can be suppressed with "-diag-suppress <warning-number>"

<path>/common.cuh(613): warning #221-D: floating-point value does not fit in required floating-point type
              return make_half2(-((float)(1e+300)) , -((float)(1e+300)) );
                                  ^

<path>/common.cuh(613): warning #221-D: floating-point value does not fit in required floating-point type
              return make_half2(-((float)(1e+300)) , -((float)(1e+300)) );
                                                       ^

mmq-instance-q3_k.cu
tmpxft_00006990_00000000-7_mmq-instance-q3_k.cudafe1.cpp
[139/339] Building CUDA object ggml\src\ggml-cuda\CMakeFiles\ggml-cuda.dir\template-instances\mmf-instance-ncols_10.cu.obj
<path>/common.cuh(611): warning #221-D: floating-point value does not fit in required floating-point type
              return -((float)(1e+300)) ;
                       ^

Remark: The warnings can be suppressed with "-diag-suppress <warning-number>"

<path>/common.cuh(613): warning #221-D: floating-point value does not fit in required floating-point type
              return make_half2(-((float)(1e+300)) , -((float)(1e+300)) );
                                  ^

<path>/common.cuh(613): warning #221-D: floating-point value does not fit in required floating-point type
              return make_half2(-((float)(1e+300)) , -((float)(1e+300)) );
                                                       ^

mmf-instance-ncols_10.cu
tmpxft_00010f38_00000000-7_mmf-instance-ncols_10.cudafe1.cpp
[140/339] Building CUDA object ggml\src\ggml-cuda\CMakeFiles\ggml-cuda.dir\template-instances\mmf-instance-ncols_11.cu.obj
<path>/common.cuh(611): warning #221-D: floating-point value does not fit in required floating-point type
              return -((float)(1e+300)) ;
                       ^

Remark: The warnings can be suppressed with "-diag-suppress <warning-number>"

<path>/common.cuh(613): warning #221-D: floating-point value does not fit in required floating-point type
              return make_half2(-((float)(1e+300)) , -((float)(1e+300)) );
                                  ^

<path>/common.cuh(613): warning #221-D: floating-point value does not fit in required floating-point type
              return make_half2(-((float)(1e+300)) , -((float)(1e+300)) );
                                                       ^

mmf-instance-ncols_11.cu
tmpxft_0000138c_00000000-7_mmf-instance-ncols_11.cudafe1.cpp
[141/339] Building CUDA object ggml\src\ggml-cuda\CMakeFiles\ggml-cuda.dir\template-instances\mmf-instance-ncols_12.cu.obj
<path>/common.cuh(611): warning #221-D: floating-point value does not fit in required floating-point type
              return -((float)(1e+300)) ;
                       ^

Remark: The warnings can be suppressed with "-diag-suppress <warning-number>"

<path>/common.cuh(613): warning #221-D: floating-point value does not fit in required floating-point type
              return make_half2(-((float)(1e+300)) , -((float)(1e+300)) );
                                  ^

<path>/common.cuh(613): warning #221-D: floating-point value does not fit in required floating-point type
              return make_half2(-((float)(1e+300)) , -((float)(1e+300)) );
                                                       ^

mmf-instance-ncols_12.cu
tmpxft_00019ba0_00000000-7_mmf-instance-ncols_12.cudafe1.cpp
[142/339] Building CUDA object ggml\src\ggml-cuda\CMakeFiles\ggml-cuda.dir\template-instances\mmq-instance-q4_1.cu.obj
<path>/common.cuh(611): warning #221-D: floating-point value does not fit in required floating-point type
              return -((float)(1e+300)) ;
                       ^

Remark: The warnings can be suppressed with "-diag-suppress <warning-number>"

<path>/common.cuh(613): warning #221-D: floating-point value does not fit in required floating-point type
              return make_half2(-((float)(1e+300)) , -((float)(1e+300)) );
                                  ^

<path>/common.cuh(613): warning #221-D: floating-point value does not fit in required floating-point type
              return make_half2(-((float)(1e+300)) , -((float)(1e+300)) );
                                                       ^

mmq-instance-q4_1.cu
tmpxft_00012664_00000000-7_mmq-instance-q4_1.cudafe1.cpp
[143/339] Building CUDA object ggml\src\ggml-cuda\CMakeFiles\ggml-cuda.dir\template-instances\mmf-instance-ncols_13.cu.obj
<path>/common.cuh(611): warning #221-D: floating-point value does not fit in required floating-point type
              return -((float)(1e+300)) ;
                       ^

Remark: The warnings can be suppressed with "-diag-suppress <warning-number>"

<path>/common.cuh(613): warning #221-D: floating-point value does not fit in required floating-point type
              return make_half2(-((float)(1e+300)) , -((float)(1e+300)) );
                                  ^

<path>/common.cuh(613): warning #221-D: floating-point value does not fit in required floating-point type
              return make_half2(-((float)(1e+300)) , -((float)(1e+300)) );
                                                       ^

mmf-instance-ncols_13.cu
tmpxft_000102c8_00000000-7_mmf-instance-ncols_13.cudafe1.cpp
[144/339] Building CUDA object ggml\src\ggml-cuda\CMakeFiles\ggml-cuda.dir\template-instances\mmq-instance-q4_k.cu.obj
<path>/common.cuh(611): warning #221-D: floating-point value does not fit in required floating-point type
              return -((float)(1e+300)) ;
                       ^

Remark: The warnings can be suppressed with "-diag-suppress <warning-number>"

<path>/common.cuh(613): warning #221-D: floating-point value does not fit in required floating-point type
              return make_half2(-((float)(1e+300)) , -((float)(1e+300)) );
                                  ^

<path>/common.cuh(613): warning #221-D: floating-point value does not fit in required floating-point type
              return make_half2(-((float)(1e+300)) , -((float)(1e+300)) );
                                                       ^

mmq-instance-q4_k.cu
tmpxft_0000a638_00000000-7_mmq-instance-q4_k.cudafe1.cpp
[145/339] Building CUDA object ggml\src\ggml-cuda\CMakeFiles\ggml-cuda.dir\template-instances\mmf-instance-ncols_14.cu.obj
<path>/common.cuh(611): warning #221-D: floating-point value does not fit in required floating-point type
              return -((float)(1e+300)) ;
                       ^

Remark: The warnings can be suppressed with "-diag-suppress <warning-number>"

<path>/common.cuh(613): warning #221-D: floating-point value does not fit in required floating-point type
              return make_half2(-((float)(1e+300)) , -((float)(1e+300)) );
                                  ^

<path>/common.cuh(613): warning #221-D: floating-point value does not fit in required floating-point type
              return make_half2(-((float)(1e+300)) , -((float)(1e+300)) );
                                                       ^

mmf-instance-ncols_14.cu
tmpxft_0001b360_00000000-7_mmf-instance-ncols_14.cudafe1.cpp
[146/339] Building CUDA object ggml\src\ggml-cuda\CMakeFiles\ggml-cuda.dir\template-instances\mmf-instance-ncols_2.cu.obj
<path>/common.cuh(611): warning #221-D: floating-point value does not fit in required floating-point type
              return -((float)(1e+300)) ;
                       ^

Remark: The warnings can be suppressed with "-diag-suppress <warning-number>"

<path>/common.cuh(613): warning #221-D: floating-point value does not fit in required floating-point type
              return make_half2(-((float)(1e+300)) , -((float)(1e+300)) );
                                  ^

<path>/common.cuh(613): warning #221-D: floating-point value does not fit in required floating-point type
              return make_half2(-((float)(1e+300)) , -((float)(1e+300)) );
                                                       ^

mmf-instance-ncols_2.cu
tmpxft_000097f4_00000000-7_mmf-instance-ncols_2.cudafe1.cpp
[147/339] Building CUDA object ggml\src\ggml-cuda\CMakeFiles\ggml-cuda.dir\template-instances\mmf-instance-ncols_15.cu.obj
<path>/common.cuh(611): warning #221-D: floating-point value does not fit in required floating-point type
              return -((float)(1e+300)) ;
                       ^

Remark: The warnings can be suppressed with "-diag-suppress <warning-number>"

<path>/common.cuh(613): warning #221-D: floating-point value does not fit in required floating-point type
              return make_half2(-((float)(1e+300)) , -((float)(1e+300)) );
                                  ^

<path>/common.cuh(613): warning #221-D: floating-point value does not fit in required floating-point type
              return make_half2(-((float)(1e+300)) , -((float)(1e+300)) );
                                                       ^

mmf-instance-ncols_15.cu
tmpxft_0000332c_00000000-7_mmf-instance-ncols_15.cudafe1.cpp
[148/339] Building CUDA object ggml\src\ggml-cuda\CMakeFiles\ggml-cuda.dir\template-instances\mmf-instance-ncols_16.cu.obj
<path>/common.cuh(611): warning #221-D: floating-point value does not fit in required floating-point type
              return -((float)(1e+300)) ;
                       ^

Remark: The warnings can be suppressed with "-diag-suppress <warning-number>"

<path>/common.cuh(613): warning #221-D: floating-point value does not fit in required floating-point type
              return make_half2(-((float)(1e+300)) , -((float)(1e+300)) );
                                  ^

<path>/common.cuh(613): warning #221-D: floating-point value does not fit in required floating-point type
              return make_half2(-((float)(1e+300)) , -((float)(1e+300)) );
                                                       ^

mmf-instance-ncols_16.cu
tmpxft_00011aec_00000000-7_mmf-instance-ncols_16.cudafe1.cpp
[149/339] Building CUDA object ggml\src\ggml-cuda\CMakeFiles\ggml-cuda.dir\template-instances\mmq-instance-q8_0.cu.obj
<path>/common.cuh(611): warning #221-D: floating-point value does not fit in required floating-point type
              return -((float)(1e+300)) ;
                       ^

Remark: The warnings can be suppressed with "-diag-suppress <warning-number>"

<path>/common.cuh(613): warning #221-D: floating-point value does not fit in required floating-point type
              return make_half2(-((float)(1e+300)) , -((float)(1e+300)) );
                                  ^

<path>/common.cuh(613): warning #221-D: floating-point value does not fit in required floating-point type
              return make_half2(-((float)(1e+300)) , -((float)(1e+300)) );
                                                       ^

mmq-instance-q8_0.cu
tmpxft_0001bccc_00000000-7_mmq-instance-q8_0.cudafe1.cpp
[150/339] Building CUDA object ggml\src\ggml-cuda\CMakeFiles\ggml-cuda.dir\template-instances\mmq-instance-q2_k.cu.obj
<path>/common.cuh(611): warning #221-D: floating-point value does not fit in required floating-point type
              return -((float)(1e+300)) ;
                       ^

Remark: The warnings can be suppressed with "-diag-suppress <warning-number>"

<path>/common.cuh(613): warning #221-D: floating-point value does not fit in required floating-point type
              return make_half2(-((float)(1e+300)) , -((float)(1e+300)) );
                                  ^

<path>/common.cuh(613): warning #221-D: floating-point value does not fit in required floating-point type
              return make_half2(-((float)(1e+300)) , -((float)(1e+300)) );
                                                       ^

mmq-instance-q2_k.cu
tmpxft_00017ca0_00000000-7_mmq-instance-q2_k.cudafe1.cpp
[151/339] Building CXX object ggml\src\CMakeFiles\ggml.dir\ggml-backend-dl.cpp.obj
[152/339] Building CUDA object ggml\src\ggml-cuda\CMakeFiles\ggml-cuda.dir\template-instances\mmf-instance-ncols_4.cu.obj
<path>/common.cuh(611): warning #221-D: floating-point value does not fit in required floating-point type
              return -((float)(1e+300)) ;
                       ^

Remark: The warnings can be suppressed with "-diag-suppress <warning-number>"

<path>/common.cuh(613): warning #221-D: floating-point value does not fit in required floating-point type
              return make_half2(-((float)(1e+300)) , -((float)(1e+300)) );
                                  ^

<path>/common.cuh(613): warning #221-D: floating-point value does not fit in required floating-point type
              return make_half2(-((float)(1e+300)) , -((float)(1e+300)) );
                                                       ^

mmf-instance-ncols_4.cu
tmpxft_00014a2c_00000000-7_mmf-instance-ncols_4.cudafe1.cpp
[153/339] Building CXX object ggml\src\CMakeFiles\ggml.dir\ggml-backend-reg.cpp.obj
[154/339] Building CXX object src\CMakeFiles\llama.dir\llama.cpp.obj
[155/339] Building CUDA object ggml\src\ggml-cuda\CMakeFiles\ggml-cuda.dir\template-instances\mmf-instance-ncols_3.cu.obj
<path>/common.cuh(611): warning #221-D: floating-point value does not fit in required floating-point type
              return -((float)(1e+300)) ;
                       ^

Remark: The warnings can be suppressed with "-diag-suppress <warning-number>"

<path>/common.cuh(613): warning #221-D: floating-point value does not fit in required floating-point type
              return make_half2(-((float)(1e+300)) , -((float)(1e+300)) );
                                  ^

<path>/common.cuh(613): warning #221-D: floating-point value does not fit in required floating-point type
              return make_half2(-((float)(1e+300)) , -((float)(1e+300)) );
                                                       ^

mmf-instance-ncols_3.cu
tmpxft_0000e80c_00000000-7_mmf-instance-ncols_3.cudafe1.cpp
[156/339] Building CUDA object ggml\src\ggml-cuda\CMakeFiles\ggml-cuda.dir\template-instances\mmq-instance-q5_k.cu.obj
<path>/common.cuh(611): warning #221-D: floating-point value does not fit in required floating-point type
              return -((float)(1e+300)) ;
                       ^

Remark: The warnings can be suppressed with "-diag-suppress <warning-number>"

<path>/common.cuh(613): warning #221-D: floating-point value does not fit in required floating-point type
              return make_half2(-((float)(1e+300)) , -((float)(1e+300)) );
                                  ^

<path>/common.cuh(613): warning #221-D: floating-point value does not fit in required floating-point type
              return make_half2(-((float)(1e+300)) , -((float)(1e+300)) );
                                                       ^

mmq-instance-q5_k.cu
tmpxft_00008f28_00000000-7_mmq-instance-q5_k.cudafe1.cpp
[157/339] Building CXX object src\CMakeFiles\llama.dir\llama-arch.cpp.obj
[158/339] Linking CXX shared library bin\ggml-cpu.dll
[159/339] Building CXX object src\CMakeFiles\llama.dir\llama-batch.cpp.obj
[160/339] Building CUDA object ggml\src\ggml-cuda\CMakeFiles\ggml-cuda.dir\template-instances\mmq-instance-q5_0.cu.obj
<path>/common.cuh(611): warning #221-D: floating-point value does not fit in required floating-point type
              return -((float)(1e+300)) ;
                       ^

Remark: The warnings can be suppressed with "-diag-suppress <warning-number>"

<path>/common.cuh(613): warning #221-D: floating-point value does not fit in required floating-point type
              return make_half2(-((float)(1e+300)) , -((float)(1e+300)) );
                                  ^

<path>/common.cuh(613): warning #221-D: floating-point value does not fit in required floating-point type
              return make_half2(-((float)(1e+300)) , -((float)(1e+300)) );
                                                       ^

mmq-instance-q5_0.cu
tmpxft_00007738_00000000-7_mmq-instance-q5_0.cudafe1.cpp
[161/339] Building CUDA object ggml\src\ggml-cuda\CMakeFiles\ggml-cuda.dir\template-instances\mmq-instance-q5_1.cu.obj
<path>/common.cuh(611): warning #221-D: floating-point value does not fit in required floating-point type
              return -((float)(1e+300)) ;
                       ^

Remark: The warnings can be suppressed with "-diag-suppress <warning-number>"

<path>/common.cuh(613): warning #221-D: floating-point value does not fit in required floating-point type
              return make_half2(-((float)(1e+300)) , -((float)(1e+300)) );
                                  ^

<path>/common.cuh(613): warning #221-D: floating-point value does not fit in required floating-point type
              return make_half2(-((float)(1e+300)) , -((float)(1e+300)) );
                                                       ^

mmq-instance-q5_1.cu
tmpxft_0001b280_00000000-7_mmq-instance-q5_1.cudafe1.cpp
[162/339] Building CXX object src\CMakeFiles\llama.dir\llama-cparams.cpp.obj
[163/339] Building CXX object src\CMakeFiles\llama.dir\llama-adapter.cpp.obj
[164/339] Building CXX object src\CMakeFiles\llama.dir\llama-hparams.cpp.obj
[165/339] Building CXX object src\CMakeFiles\llama.dir\llama-chat.cpp.obj
[166/339] Building CXX object src\CMakeFiles\llama.dir\llama-context.cpp.obj
[167/339] Building CXX object src\CMakeFiles\llama.dir\llama-impl.cpp.obj
[168/339] Building CUDA object ggml\src\ggml-cuda\CMakeFiles\ggml-cuda.dir\template-instances\mmf-instance-ncols_5.cu.obj
<path>/common.cuh(611): warning #221-D: floating-point value does not fit in required floating-point type
              return -((float)(1e+300)) ;
                       ^

Remark: The warnings can be suppressed with "-diag-suppress <warning-number>"

<path>/common.cuh(613): warning #221-D: floating-point value does not fit in required floating-point type
              return make_half2(-((float)(1e+300)) , -((float)(1e+300)) );
                                  ^

<path>/common.cuh(613): warning #221-D: floating-point value does not fit in required floating-point type
              return make_half2(-((float)(1e+300)) , -((float)(1e+300)) );
                                                       ^

mmf-instance-ncols_5.cu
tmpxft_00008ee8_00000000-7_mmf-instance-ncols_5.cudafe1.cpp
[169/339] Building CXX object src\CMakeFiles\llama.dir\llama-kv-cache-iswa.cpp.obj
[170/339] Building CXX object src\CMakeFiles\llama.dir\llama-io.cpp.obj
[171/339] Building CXX object src\CMakeFiles\llama.dir\llama-memory.cpp.obj
[172/339] Building CXX object src\CMakeFiles\llama.dir\llama-graph.cpp.obj
<path>/memory(3630): warning C4244: 'argument': conversion from 'const int64_t' to 'uint32_t', possible loss of data
<path>/memory(3630): note: the template instantiation context (the oldest one first) is
<path>/llama-graph.cpp(2022): note: see reference to function template instantiation 'std::unique_ptr<llm_graph_input_out_ids,std::default_delete<llm_graph_input_out_ids>> std::make_unique<llm_graph_input_out_ids,const llama_hparams&,const llama_cparams&,const int64_t&,0>(const llama_hparams &,const llama_cparams &,const int64_t &)' being compiled
[173/339] Building CUDA object ggml\src\ggml-cuda\CMakeFiles\ggml-cuda.dir\template-instances\mmf-instance-ncols_6.cu.obj
<path>/common.cuh(611): warning #221-D: floating-point value does not fit in required floating-point type
              return -((float)(1e+300)) ;
                       ^

Remark: The warnings can be suppressed with "-diag-suppress <warning-number>"

<path>/common.cuh(613): warning #221-D: floating-point value does not fit in required floating-point type
              return make_half2(-((float)(1e+300)) , -((float)(1e+300)) );
                                  ^

<path>/common.cuh(613): warning #221-D: floating-point value does not fit in required floating-point type
              return make_half2(-((float)(1e+300)) , -((float)(1e+300)) );
                                                       ^

mmf-instance-ncols_6.cu
tmpxft_00015d4c_00000000-7_mmf-instance-ncols_6.cudafe1.cpp
[174/339] Building CXX object src\CMakeFiles\llama.dir\llama-grammar.cpp.obj
[175/339] Building CXX object src\CMakeFiles\llama.dir\llama-memory-hybrid.cpp.obj
[176/339] Building CXX object src\CMakeFiles\llama.dir\llama-kv-cache-dsa.cpp.obj
[177/339] Building CXX object src\CMakeFiles\llama.dir\llama-mmap.cpp.obj
[178/339] Building CXX object src\CMakeFiles\llama.dir\llama-memory-hybrid-iswa.cpp.obj
[179/339] Building CUDA object ggml\src\ggml-cuda\CMakeFiles\ggml-cuda.dir\template-instances\mmf-instance-ncols_7.cu.obj
<path>/common.cuh(611): warning #221-D: floating-point value does not fit in required floating-point type
              return -((float)(1e+300)) ;
                       ^

Remark: The warnings can be suppressed with "-diag-suppress <warning-number>"

<path>/common.cuh(613): warning #221-D: floating-point value does not fit in required floating-point type
              return make_half2(-((float)(1e+300)) , -((float)(1e+300)) );
                                  ^

<path>/common.cuh(613): warning #221-D: floating-point value does not fit in required floating-point type
              return make_half2(-((float)(1e+300)) , -((float)(1e+300)) );
                                                       ^

mmf-instance-ncols_7.cu
tmpxft_0001bd94_00000000-7_mmf-instance-ncols_7.cudafe1.cpp
[180/339] Building CXX object src\CMakeFiles\llama.dir\llama-kv-cache.cpp.obj
[181/339] Building CXX object src\CMakeFiles\llama.dir\llama-model-saver.cpp.obj
[182/339] Building CXX object src\CMakeFiles\llama.dir\llama-memory-recurrent.cpp.obj
[183/339] Building CXX object src\CMakeFiles\llama.dir\llama-sampler.cpp.obj
[184/339] Building CXX object src\CMakeFiles\llama.dir\models\afmoe.cpp.obj
[185/339] Building CXX object src\CMakeFiles\llama.dir\llama-quant.cpp.obj
<path>/type_traits(1680): warning C4244: 'argument': conversion from 'unsigned __int64' to 'int', possible loss of data
<path>/type_traits(1680): note: the template instantiation context (the oldest one first) is
<path>/llama-quant.cpp(276): note: see reference to function template instantiation 'std::thread &std::vector<std::thread,std::allocator<std::thread>>::emplace_back<llama_tensor_dequantize_impl::<lambda_b6251868390370872bd62e268c49fb8f>&,ggml_type&,uint8_t*,float*,size_t&>(llama_tensor_dequantize_impl::<lambda_b6251868390370872bd62e268c49fb8f> &,ggml_type &,uint8_t *&&,float *&&,size_t &)' being compiled
<path>/llama-quant.cpp(276): note: see the first reference to 'std::vector<std::thread,std::allocator<std::thread>>::emplace_back' in 'llama_tensor_dequantize_impl'
<path>/vector(924): note: see reference to function template instantiation '_Ty &std::vector<_Ty,std::allocator<_Ty>>::_Emplace_one_at_back<llama_tensor_dequantize_impl::<lambda_b6251868390370872bd62e268c49fb8f>&,ggml_type&,unsigned char*,float*,size_t&>(llama_tensor_dequantize_impl::<lambda_b6251868390370872bd62e268c49fb8f> &,ggml_type &,unsigned char *&&,float *&&,size_t &)' being compiled
        with
        [
            _Ty=std::thread
        ]
<path>/vector(845): note: see reference to function template instantiation '_Ty &std::vector<_Ty,std::allocator<_Ty>>::_Emplace_back_with_unused_capacity<llama_tensor_dequantize_impl::<lambda_b6251868390370872bd62e268c49fb8f>&,ggml_type&,unsigned char*,float*,size_t&>(llama_tensor_dequantize_impl::<lambda_b6251868390370872bd62e268c49fb8f> &,ggml_type &,unsigned char *&&,float *&&,size_t &)' being compiled
        with
        [
            _Ty=std::thread
        ]
<path>/vector(863): note: see reference to function template instantiation 'void std::_Default_allocator_traits<_Alloc>::construct<_Ty,llama_tensor_dequantize_impl::<lambda_b6251868390370872bd62e268c49fb8f>&,ggml_type&,unsigned char*,float*,size_t&>(_Alloc &,_Objty *const ,llama_tensor_dequantize_impl::<lambda_b6251868390370872bd62e268c49fb8f> &,ggml_type &,unsigned char *&&,float *&&,size_t &)' being compiled
        with
        [
            _Alloc=std::allocator<std::thread>,
            _Ty=std::thread,
            _Objty=std::thread
        ]
<path>/xmemory(732): note: see reference to function template instantiation 'std::thread::thread<llama_tensor_dequantize_impl::<lambda_b6251868390370872bd62e268c49fb8f>&,ggml_type&,_T,float*,size_t&,0>(_Fn,ggml_type &,_T &&,float *&&,size_t &)' being compiled
        with
        [
            _T=uint8_t *,
            _Fn=llama_tensor_dequantize_impl::<lambda_b6251868390370872bd62e268c49fb8f> &
        ]
<path>/thread(93): note: see reference to function template instantiation 'void std::thread::_Start<llama_tensor_dequantize_impl::<lambda_b6251868390370872bd62e268c49fb8f>&,ggml_type&,_Ty,float*,size_t&>(_Fn,ggml_type &,_Ty &&,float *&&,size_t &)' being compiled
        with
        [
            _Ty=uint8_t *,
            _Fn=llama_tensor_dequantize_impl::<lambda_b6251868390370872bd62e268c49fb8f> &
        ]
<path>/thread(76): note: see reference to function template instantiation 'unsigned int (__cdecl *std::thread::_Get_invoke<std::thread::_Start::_Tuple,0,1,2,3,4>(std::integer_sequence<size_t,0,1,2,3,4>) noexcept)(void *) noexcept' being compiled
<path>/thread(67): note: see reference to function template instantiation 'unsigned int std::thread::_Invoke<_Tuple,0,1,2,3,4>(void *) noexcept' being compiled
        with
        [
            _Tuple=std::thread::_Start::_Tuple
        ]
<path>/thread(60): note: see reference to function template instantiation 'void std::invoke<llama_tensor_dequantize_impl::<lambda_b6251868390370872bd62e268c49fb8f>,ggml_type,uint8_t*,_Ty*,unsigned __int64>(_Callable &&,_Ty1 &&,uint8_t *&&,_Ty *&&,unsigned __int64 &&) noexcept(false)' being compiled
        with
        [
            _Ty=float,
            _Callable=llama_tensor_dequantize_impl::<lambda_b6251868390370872bd62e268c49fb8f>,
            _Ty1=ggml_type
        ]
[186/339] Building CXX object src\CMakeFiles\llama.dir\llama-model-loader.cpp.obj
[187/339] Building CXX object src\CMakeFiles\llama.dir\llama-vocab.cpp.obj
[188/339] Building CXX object src\CMakeFiles\llama.dir\llama-model.cpp.obj
<path>/utility(274): warning C4244: 'initializing': conversion from '_Ty' to '_Ty2', possible loss of data
        with
        [
            _Ty=int64_t
        ]
        and
        [
            _Ty2=uint32_t
        ]
<path>/utility(274): note: the template instantiation context (the oldest one first) is
<path>/llama-model.cpp(521): note: see reference to function template instantiation 'std::pair<int64_t,uint32_t>::pair<const int64_t&,int64_t,0>(_Other1,_Other2 &&) noexcept' being compiled
        with
        [
            _Other1=const int64_t &,
            _Other2=int64_t
        ]
<path>/llama-model.cpp(521): note: see the first reference to 'std::pair<int64_t,uint32_t>::pair' in 'llama_meta_device_get_split_state::<lambda_7bb43c4d3203a7ec1091e44fe21afccb>::operator ()'
<path>/utility(274): warning C4244: 'initializing': conversion from 'const int64_t' to '_Ty2', possible loss of data
        with
        [
            _Ty2=uint32_t
        ]
<path>/utility(274): note: the template instantiation context (the oldest one first) is
<path>/llama-model.cpp(524): note: see reference to function template instantiation 'std::pair<int64_t,uint32_t>::pair<const int64_t&,const int64_t&,0>(_Other1,_Other2) noexcept' being compiled
        with
        [
            _Other1=const int64_t &,
            _Other2=const int64_t &
        ]
<path>/llama-model.cpp(524): note: see the first reference to 'std::pair<int64_t,uint32_t>::pair' in 'llama_meta_device_get_split_state::<lambda_7bb43c4d3203a7ec1091e44fe21afccb>::operator ()'
[189/339] Building CXX object src\CMakeFiles\llama.dir\models\apertus.cpp.obj
[190/339] Building CXX object src\CMakeFiles\llama.dir\models\arcee.cpp.obj
[191/339] Building CXX object src\CMakeFiles\llama.dir\models\arctic.cpp.obj
[192/339] Building CXX object src\CMakeFiles\llama.dir\models\baichuan.cpp.obj
[193/339] Building CXX object src\CMakeFiles\llama.dir\models\bailingmoe2.cpp.obj
[194/339] Building CXX object src\CMakeFiles\llama.dir\unicode.cpp.obj
[195/339] Building CXX object src\CMakeFiles\llama.dir\models\arwkv7.cpp.obj
[196/339] Building CXX object src\CMakeFiles\llama.dir\models\bailingmoe.cpp.obj
[197/339] Building CXX object src\CMakeFiles\llama.dir\models\bert.cpp.obj
[198/339] Building CXX object src\CMakeFiles\llama.dir\models\chatglm.cpp.obj
[199/339] Building CXX object src\CMakeFiles\llama.dir\models\bitnet.cpp.obj
[200/339] Building CXX object src\CMakeFiles\llama.dir\models\codeshell.cpp.obj
[201/339] Building CXX object src\CMakeFiles\llama.dir\models\chameleon.cpp.obj
[202/339] Building CXX object src\CMakeFiles\llama.dir\models\bloom.cpp.obj
[203/339] Building CXX object src\CMakeFiles\llama.dir\models\cogvlm.cpp.obj
[204/339] Building CUDA object ggml\src\ggml-cuda\CMakeFiles\ggml-cuda.dir\template-instances\fattn-vec-instance-f16-f16.cu.obj
<path>/common.cuh(611): warning #221-D: floating-point value does not fit in required floating-point type
              return -((float)(1e+300)) ;
                       ^

Remark: The warnings can be suppressed with "-diag-suppress <warning-number>"

<path>/common.cuh(613): warning #221-D: floating-point value does not fit in required floating-point type
              return make_half2(-((float)(1e+300)) , -((float)(1e+300)) );
                                  ^

<path>/common.cuh(613): warning #221-D: floating-point value does not fit in required floating-point type
              return make_half2(-((float)(1e+300)) , -((float)(1e+300)) );
                                                       ^

fattn-vec-instance-f16-f16.cu
tmpxft_0001996c_00000000-7_fattn-vec-instance-f16-f16.cudafe1.cpp
[205/339] Building CXX object src\CMakeFiles\llama.dir\models\command-r.cpp.obj
[206/339] Building CXX object src\CMakeFiles\llama.dir\models\cohere2.cpp.obj
[207/339] Building CXX object src\CMakeFiles\llama.dir\models\dbrx.cpp.obj
[208/339] Building CXX object src\CMakeFiles\llama.dir\models\deci.cpp.obj
[209/339] Building CXX object src\CMakeFiles\llama.dir\models\deepseek2.cpp.obj
[210/339] Building CXX object src\CMakeFiles\llama.dir\models\deepseek.cpp.obj
[211/339] Building CXX object src\CMakeFiles\llama.dir\models\delta-net-base.cpp.obj
[212/339] Building CXX object src\CMakeFiles\llama.dir\models\deepseek2ocr.cpp.obj
[213/339] Building CUDA object ggml\src\ggml-cuda\CMakeFiles\ggml-cuda.dir\template-instances\mmf-instance-ncols_8.cu.obj
<path>/common.cuh(611): warning #221-D: floating-point value does not fit in required floating-point type
              return -((float)(1e+300)) ;
                       ^

Remark: The warnings can be suppressed with "-diag-suppress <warning-number>"

<path>/common.cuh(613): warning #221-D: floating-point value does not fit in required floating-point type
              return make_half2(-((float)(1e+300)) , -((float)(1e+300)) );
                                  ^

<path>/common.cuh(613): warning #221-D: floating-point value does not fit in required floating-point type
              return make_half2(-((float)(1e+300)) , -((float)(1e+300)) );
                                                       ^

mmf-instance-ncols_8.cu
tmpxft_0001607c_00000000-7_mmf-instance-ncols_8.cudafe1.cpp
[214/339] Building CXX object src\CMakeFiles\llama.dir\models\deepseek32.cpp.obj
[215/339] Building CXX object src\CMakeFiles\llama.dir\models\dream.cpp.obj
[216/339] Building CXX object src\CMakeFiles\llama.dir\models\dots1.cpp.obj
[217/339] Building CXX object src\CMakeFiles\llama.dir\models\dspark.cpp.obj
[218/339] Building CXX object src\CMakeFiles\llama.dir\models\ernie4-5-moe.cpp.obj
[219/339] Building CXX object src\CMakeFiles\llama.dir\models\ernie4-5.cpp.obj
[220/339] Building CXX object src\CMakeFiles\llama.dir\models\exaone4.cpp.obj
[221/339] Building CUDA object ggml\src\ggml-cuda\CMakeFiles\ggml-cuda.dir\template-instances\mmf-instance-ncols_9.cu.obj
<path>/common.cuh(611): warning #221-D: floating-point value does not fit in required floating-point type
              return -((float)(1e+300)) ;
                       ^

Remark: The warnings can be suppressed with "-diag-suppress <warning-number>"

<path>/common.cuh(613): warning #221-D: floating-point value does not fit in required floating-point type
              return make_half2(-((float)(1e+300)) , -((float)(1e+300)) );
                                  ^

<path>/common.cuh(613): warning #221-D: floating-point value does not fit in required floating-point type
              return make_half2(-((float)(1e+300)) , -((float)(1e+300)) );
                                                       ^

mmf-instance-ncols_9.cu
tmpxft_0000a664_00000000-7_mmf-instance-ncols_9.cudafe1.cpp
[222/339] Building CXX object src\CMakeFiles\llama.dir\models\exaone-moe.cpp.obj
[223/339] Building CXX object src\CMakeFiles\llama.dir\models\exaone.cpp.obj
[224/339] Building CXX object src\CMakeFiles\llama.dir\models\eurobert.cpp.obj
[225/339] Building CXX object src\CMakeFiles\llama.dir\models\falcon-h1.cpp.obj
[226/339] Building CXX object src\CMakeFiles\llama.dir\models\falcon.cpp.obj
[227/339] Building CXX object src\CMakeFiles\llama.dir\models\gemma-embedding.cpp.obj
[228/339] Building CXX object src\CMakeFiles\llama.dir\models\gemma3n.cpp.obj
[229/339] Building CXX object src\CMakeFiles\llama.dir\models\gemma3.cpp.obj
[230/339] Building CXX object src\CMakeFiles\llama.dir\models\gemma.cpp.obj
[231/339] Building CUDA object ggml\src\ggml-cuda\CMakeFiles\ggml-cuda.dir\template-instances\mmq-instance-q6_k.cu.obj
<path>/common.cuh(611): warning #221-D: floating-point value does not fit in required floating-point type
              return -((float)(1e+300)) ;
                       ^

Remark: The warnings can be suppressed with "-diag-suppress <warning-number>"

<path>/common.cuh(613): warning #221-D: floating-point value does not fit in required floating-point type
              return make_half2(-((float)(1e+300)) , -((float)(1e+300)) );
                                  ^

<path>/common.cuh(613): warning #221-D: floating-point value does not fit in required floating-point type
              return make_half2(-((float)(1e+300)) , -((float)(1e+300)) );
                                                       ^

mmq-instance-q6_k.cu
tmpxft_00008d1c_00000000-7_mmq-instance-q6_k.cudafe1.cpp
[232/339] Building CXX object src\CMakeFiles\llama.dir\models\gemma4-assistant.cpp.obj
[233/339] Building CXX object src\CMakeFiles\llama.dir\models\gemma2.cpp.obj
[234/339] Building CXX object src\CMakeFiles\llama.dir\models\gemma4.cpp.obj
[235/339] Building CXX object src\CMakeFiles\llama.dir\models\glm-dsa.cpp.obj
[236/339] Building CXX object src\CMakeFiles\llama.dir\models\gpt2.cpp.obj
[237/339] Building CXX object src\CMakeFiles\llama.dir\models\glm4-moe.cpp.obj
[238/339] Building CXX object src\CMakeFiles\llama.dir\models\glm4.cpp.obj
[239/339] Building CXX object src\CMakeFiles\llama.dir\models\gptneox.cpp.obj
[240/339] Building CXX object src\CMakeFiles\llama.dir\models\granite-moe.cpp.obj
[241/339] Building CXX object src\CMakeFiles\llama.dir\models\grok.cpp.obj
[242/339] Building CXX object src\CMakeFiles\llama.dir\models\hunyuan-moe.cpp.obj
[243/339] Building CXX object src\CMakeFiles\llama.dir\models\hunyuan-dense.cpp.obj
[244/339] Building CXX object src\CMakeFiles\llama.dir\models\granite-hybrid.cpp.obj
[245/339] Building CXX object src\CMakeFiles\llama.dir\models\grovemoe.cpp.obj
[246/339] Building CXX object src\CMakeFiles\llama.dir\models\hunyuan-vl.cpp.obj
[247/339] Building CXX object src\CMakeFiles\llama.dir\models\granite.cpp.obj
[248/339] Building CXX object src\CMakeFiles\llama.dir\models\jais.cpp.obj
[249/339] Building CXX object src\CMakeFiles\llama.dir\models\jais2.cpp.obj
[250/339] Building CXX object src\CMakeFiles\llama.dir\models\internlm2.cpp.obj
[251/339] Building CXX object src\CMakeFiles\llama.dir\models\jamba.cpp.obj
[252/339] Building CXX object src\CMakeFiles\llama.dir\models\jina-bert-v2.cpp.obj
[253/339] Building CXX object src\CMakeFiles\llama.dir\models\jina-bert-v3.cpp.obj
[254/339] Building CXX object src\CMakeFiles\llama.dir\models\llama-embed.cpp.obj
[255/339] Building CXX object src\CMakeFiles\llama.dir\models\llada.cpp.obj
[256/339] Building CXX object src\CMakeFiles\llama.dir\models\maincoder.cpp.obj
[257/339] Building CXX object src\CMakeFiles\llama.dir\models\llama.cpp.obj
[258/339] Building CXX object src\CMakeFiles\llama.dir\models\kimi-linear.cpp.obj
[259/339] Building CXX object src\CMakeFiles\llama.dir\models\llada-moe.cpp.obj
[260/339] Building CXX object src\CMakeFiles\llama.dir\models\lfm2moe.cpp.obj
[261/339] Building CXX object src\CMakeFiles\llama.dir\models\mamba-base.cpp.obj
[262/339] Building CXX object src\CMakeFiles\llama.dir\models\lfm2.cpp.obj
[263/339] Building CXX object src\CMakeFiles\llama.dir\models\llama4.cpp.obj
[264/339] Building CXX object src\CMakeFiles\llama.dir\models\mamba.cpp.obj
[265/339] Building CXX object src\CMakeFiles\llama.dir\models\mamba2.cpp.obj
[266/339] Building CXX object src\CMakeFiles\llama.dir\models\mellum.cpp.obj
[267/339] Building CXX object src\CMakeFiles\llama.dir\models\minicpm.cpp.obj
[268/339] Building CXX object src\CMakeFiles\llama.dir\models\minimax-m2.cpp.obj
[269/339] Building CUDA object ggml\src\ggml-cuda\CMakeFiles\ggml-cuda.dir\template-instances\fattn-vec-instance-q4_0-q4_0.cu.obj
<path>/common.cuh(611): warning #221-D: floating-point value does not fit in required floating-point type
              return -((float)(1e+300)) ;
                       ^

Remark: The warnings can be suppressed with "-diag-suppress <warning-number>"

<path>/common.cuh(613): warning #221-D: floating-point value does not fit in required floating-point type
              return make_half2(-((float)(1e+300)) , -((float)(1e+300)) );
                                  ^

<path>/common.cuh(613): warning #221-D: floating-point value does not fit in required floating-point type
              return make_half2(-((float)(1e+300)) , -((float)(1e+300)) );
                                                       ^

fattn-vec-instance-q4_0-q4_0.cu
tmpxft_0001a580_00000000-7_fattn-vec-instance-q4_0-q4_0.cudafe1.cpp
[270/339] Building CXX object src\CMakeFiles\llama.dir\models\mpt.cpp.obj
[271/339] Building CXX object src\CMakeFiles\llama.dir\models\mistral4.cpp.obj
[272/339] Building CXX object src\CMakeFiles\llama.dir\models\mimo2.cpp.obj
[273/339] Building CXX object src\CMakeFiles\llama.dir\models\modern-bert.cpp.obj
[274/339] Building CXX object src\CMakeFiles\llama.dir\models\minicpm3.cpp.obj
[275/339] Building CXX object src\CMakeFiles\llama.dir\models\nemotron-h-moe.cpp.obj
[276/339] Building CXX object src\CMakeFiles\llama.dir\models\mistral3.cpp.obj
[277/339] Building CXX object src\CMakeFiles\llama.dir\models\nemotron-h.cpp.obj
[278/339] Building CXX object src\CMakeFiles\llama.dir\models\neo-bert.cpp.obj
[279/339] Building CXX object src\CMakeFiles\llama.dir\models\openai-moe.cpp.obj
[280/339] Building CXX object src\CMakeFiles\llama.dir\models\nemotron.cpp.obj
[281/339] Building CXX object src\CMakeFiles\llama.dir\models\openelm.cpp.obj
[282/339] Building CXX object src\CMakeFiles\llama.dir\models\olmo2.cpp.obj
[283/339] Building CUDA object ggml\src\ggml-cuda\CMakeFiles\ggml-cuda.dir\template-instances\fattn-vec-instance-bf16-bf16.cu.obj
<path>/common.cuh(611): warning #221-D: floating-point value does not fit in required floating-point type
              return -((float)(1e+300)) ;
                       ^

Remark: The warnings can be suppressed with "-diag-suppress <warning-number>"

<path>/common.cuh(613): warning #221-D: floating-point value does not fit in required floating-point type
              return make_half2(-((float)(1e+300)) , -((float)(1e+300)) );
                                  ^

<path>/common.cuh(613): warning #221-D: floating-point value does not fit in required floating-point type
              return make_half2(-((float)(1e+300)) , -((float)(1e+300)) );
                                                       ^

fattn-vec-instance-bf16-bf16.cu
tmpxft_0001c1d4_00000000-7_fattn-vec-instance-bf16-bf16.cudafe1.cpp
[284/339] Building CXX object src\CMakeFiles\llama.dir\models\orion.cpp.obj
[285/339] Building CXX object src\CMakeFiles\llama.dir\models\olmo.cpp.obj
[286/339] Building CXX object src\CMakeFiles\llama.dir\models\nomic-bert.cpp.obj
[287/339] Building CUDA object ggml\src\ggml-cuda\CMakeFiles\ggml-cuda.dir\template-instances\fattn-vec-instance-q8_0-q8_0.cu.obj
<path>/common.cuh(611): warning #221-D: floating-point value does not fit in required floating-point type
              return -((float)(1e+300)) ;
                       ^

Remark: The warnings can be suppressed with "-diag-suppress <warning-number>"

<path>/common.cuh(613): warning #221-D: floating-point value does not fit in required floating-point type
              return make_half2(-((float)(1e+300)) , -((float)(1e+300)) );
                                  ^

<path>/common.cuh(613): warning #221-D: floating-point value does not fit in required floating-point type
              return make_half2(-((float)(1e+300)) , -((float)(1e+300)) );
                                                       ^

fattn-vec-instance-q8_0-q8_0.cu
tmpxft_00014df0_00000000-7_fattn-vec-instance-q8_0-q8_0.cudafe1.cpp
[288/339] Building CXX object src\CMakeFiles\llama.dir\models\paddleocr.cpp.obj
[289/339] Building CXX object src\CMakeFiles\llama.dir\models\nomic-bert-moe.cpp.obj
[290/339] Building CXX object src\CMakeFiles\llama.dir\models\pangu-embed.cpp.obj
[291/339] Building CXX object src\CMakeFiles\llama.dir\models\olmoe.cpp.obj
[292/339] Building CXX object src\CMakeFiles\llama.dir\models\phi2.cpp.obj
[293/339] Building CXX object src\CMakeFiles\llama.dir\models\plamo.cpp.obj
[294/339] Building CXX object src\CMakeFiles\llama.dir\models\phimoe.cpp.obj
[295/339] Building CXX object src\CMakeFiles\llama.dir\models\qwen2.cpp.obj
[296/339] Building CXX object src\CMakeFiles\llama.dir\models\qwen2vl.cpp.obj
[297/339] Building CXX object src\CMakeFiles\llama.dir\models\plm.cpp.obj
[298/339] Building CXX object src\CMakeFiles\llama.dir\models\phi3.cpp.obj
[299/339] Building CXX object src\CMakeFiles\llama.dir\models\plamo3.cpp.obj
[300/339] Building CXX object src\CMakeFiles\llama.dir\models\qwen2moe.cpp.obj
[301/339] Building CXX object src\CMakeFiles\llama.dir\models\qwen3.cpp.obj
[302/339] Building CXX object src\CMakeFiles\llama.dir\models\qwen.cpp.obj
[303/339] Building CXX object src\CMakeFiles\llama.dir\models\qwen35.cpp.obj
[304/339] Building CXX object src\CMakeFiles\llama.dir\models\plamo2.cpp.obj
[305/339] Building CXX object src\CMakeFiles\llama.dir\models\qwen35moe.cpp.obj
[306/339] Building CXX object src\CMakeFiles\llama.dir\models\qwen3vl.cpp.obj
[307/339] Building CXX object src\CMakeFiles\llama.dir\models\qwen3next.cpp.obj
[308/339] Building CXX object src\CMakeFiles\llama.dir\models\qwen3moe.cpp.obj
[309/339] Building CXX object src\CMakeFiles\llama.dir\models\refact.cpp.obj
[310/339] Building CXX object src\CMakeFiles\llama.dir\models\qwen3vlmoe.cpp.obj
[311/339] Building CXX object src\CMakeFiles\llama.dir\models\rnd1.cpp.obj
[312/339] Building CXX object src\CMakeFiles\llama.dir\models\rwkv6-base.cpp.obj
[313/339] Building CXX object src\CMakeFiles\llama.dir\models\rwkv6qwen2.cpp.obj
[314/339] Building CXX object src\CMakeFiles\llama.dir\models\rwkv6.cpp.obj
[315/339] Building CXX object src\CMakeFiles\llama.dir\models\rwkv7-base.cpp.obj
[316/339] Building CXX object src\CMakeFiles\llama.dir\models\rwkv7.cpp.obj
[317/339] Building CXX object src\CMakeFiles\llama.dir\models\seed-oss.cpp.obj
[318/339] Building CXX object src\CMakeFiles\llama.dir\models\starcoder.cpp.obj
[319/339] Building CXX object src\CMakeFiles\llama.dir\models\starcoder2.cpp.obj
[320/339] Building CXX object src\CMakeFiles\llama.dir\models\smollm3.cpp.obj
[321/339] Building CXX object src\CMakeFiles\llama.dir\models\stablelm.cpp.obj
[322/339] Building CXX object src\CMakeFiles\llama.dir\models\t5.cpp.obj
[323/339] Building CXX object src\CMakeFiles\llama.dir\models\talkie.cpp.obj
[324/339] Linking CUDA shared library bin\ggml-cuda.dll
[325/339] Building CXX object src\CMakeFiles\llama.dir\models\smallthinker.cpp.obj
[326/339] Building CXX object src\CMakeFiles\llama.dir\models\step35.cpp.obj
[327/339] Building CXX object src\CMakeFiles\llama.dir\models\xverse.cpp.obj
[328/339] Building CXX object src\CMakeFiles\llama.dir\models\t5encoder.cpp.obj
[329/339] Building CXX object src\CMakeFiles\llama.dir\models\wavtokenizer-dec.cpp.obj
[330/339] Linking CXX shared library bin\ggml.dll
[331/339] Building CXX object examples\dynin-voice\CMakeFiles\dynin-u2s.dir\dynin-u2s.cpp.obj
[332/339] Building CXX object examples\dynin-voice\CMakeFiles\dynin-u2s.dir\dynin_units.cpp.obj
[333/339] Building CXX object examples\dynin-voice\CMakeFiles\dynin-t2s-kvblock.dir\dynin-t2s-kvblock.cpp.obj
[334/339] Building CXX object examples\dynin-voice\CMakeFiles\dynin-u2s.dir\dynin_vocoder.cpp.obj
[335/339] Linking CXX executable bin\dynin-u2s.exe
[336/339] Building CXX object src\CMakeFiles\llama.dir\unicode-data.cpp.obj
[337/339] Building CXX object examples\dynin-voice\CMakeFiles\dynin-t2s-kvblock.dir\dynin_vocoder.cpp.obj
[338/339] Linking CXX shared library bin\llama.dll
[339/339] Linking CXX executable bin\dynin-t2s-kvblock.exe
BUILD_EXIT=0 
